global_step,episode,episode_inner_step,buffer_size,epsilon,episode_reward_so_far,episode_avg_loss_so_far,episode_success_rate_so_far
5000,1,5000,5000,0.9970453671641791,3171.5920493602753,0.0003968246974865906,0.448
10000,1,10000,10000,0.9940901432835821,6315.725160121918,0.0005620147604306112,0.4464
15000,1,15000,15000,0.991134919402985,9335.544782876968,0.0006392212265200214,0.44093333333333334
20000,1,20000,20000,0.988179695522388,12697.047731041908,0.0007918630631327687,0.4487
25000,1,25000,25000,0.985224471641791,15355.615002632141,0.0008475716750806896,0.43428
30000,1,30000,30000,0.9822692477611941,17754.66728723049,0.0008920021789900299,0.4188
35000,1,35000,35000,0.9793140238805971,20171.146555662155,0.0009318444854800223,0.40768571428571426
40000,1,40000,40000,0.9763588,22500.116010427475,0.000969005716720494,0.397975
45000,1,45000,45000,0.973403576119403,24882.16469156742,0.0010014371033192017,0.3910222222222222
50000,1,50000,50000,0.970448352238806,27306.39941895008,0.0010359464175571339,0.3862
55000,1,55000,55000,0.967493128358209,29712.309221863747,0.001067976588025869,0.3820181818181818
60000,1,60000,60000,0.9645379044776119,32192.49759745598,0.001101746098948691,0.37926666666666664
65000,1,65000,65000,0.9615826805970149,34657.62954044342,0.0011327293996190957,0.37693846153846156
70000,1,70000,70000,0.9586274567164179,37188.49498271942,0.001158400725480377,0.3755142857142857
75000,1,75000,75000,0.9556722328358209,39635.55125141144,0.0011843646795444268,0.37364
80000,1,80000,80000,0.9527170089552239,42001.723943948746,0.0012068407180262511,0.3711625
85000,1,85000,85000,0.9497617850746268,44483.873041749,0.0012246697202381363,0.3700352941176471
90000,1,90000,90000,0.9468065611940298,46997.572696208954,0.0012421783779523038,0.3690222222222222
95000,1,95000,95000,0.9438513373134328,49598.998573064804,0.0012605829436400917,0.3689368421052632
100000,1,100000,100000,0.9408961134328359,55143.262476444244,0.0012829276614527044,0.38989
105000,1,105000,105000,0.9379408895522388,58001.44298124313,0.001306024351848672,0.39052380952380955
110000,1,110000,110000,0.9349856656716418,60455.767139315605,0.0013240013877031742,0.3886
115000,1,115000,115000,0.9320304417910448,62986.363456487656,0.0013430044761561515,0.3871391304347826
120000,1,120000,120000,0.9290752179104478,65617.57227885723,0.0013609358955442683,0.38615
125000,1,125000,125000,0.9261199940298508,68169.46862375736,0.0013761962669930653,0.385032
130000,1,130000,130000,0.9231647701492537,70770.96253144741,0.0013927908848600614,0.38422307692307694
135000,1,135000,135000,0.9202095462686567,73323.67949008942,0.0014099826977231444,0.3831851851851852
140000,1,140000,140000,0.9172543223880597,77571.32066118717,0.0014327109825465804,0.3907285714285714
145000,1,145000,145000,0.9142990985074627,81548.80968499184,0.0014730823012258545,0.39659310344827586
150000,1,150000,150000,0.9113438746268657,85057.82802188396,0.0015071930394796073,0.3996866666666667
155000,1,155000,155000,0.9083886507462686,87745.6688092947,0.0015404624862214288,0.3988322580645161
160000,1,160000,160000,0.9054334268656716,90433.64561748505,0.0015681484188485228,0.39800625
165000,1,165000,165000,0.9024782029850746,93148.31982386112,0.0015933435277693205,0.3974787878787879
170000,1,170000,170000,0.8995229791044776,95737.95578026772,0.0016165058189661495,0.3962588235294118
175000,1,175000,175000,0.8965677552238807,98351.2035304308,0.0016556323433987562,0.39522857142857143
180000,1,180000,180000,0.8936125313432836,101029.39717447758,0.0016925802645872561,0.3945444444444444
185000,1,185000,185000,0.8906573074626866,103593.19175457954,0.0017159788851759152,0.3934054054054054
190000,1,190000,190000,0.8877020835820896,106234.80054676533,0.0017337724467583987,0.3925736842105263
195000,1,195000,195000,0.8847468597014926,108875.65507388115,0.001749003391663726,0.39184102564102563
200000,1,200000,200000,0.8817916358208955,111683.4512412548,0.0017631733964809245,0.39169
205000,1,205000,205000,0.8788364119402985,114356.01765275002,0.001779557148643227,0.39107317073170733
210000,1,210000,210000,0.8758811880597015,116990.76534891129,0.0017960568654224126,0.3903333333333333
215000,1,215000,215000,0.8729259641791045,119670.06350672245,0.0018100394924973316,0.3898186046511628
220000,1,220000,220000,0.8699707402985075,122313.45715236664,0.0018238907522244766,0.38919545454545457
225000,1,225000,225000,0.8670155164179105,125079.08263397217,0.0018369729562779603,0.38899555555555554
230000,1,230000,230000,0.8640602925373134,127901.09784889221,0.0018471109560458622,0.38893478260869563
235000,1,235000,235000,0.8611050686567164,130719.46176540852,0.0018557970571438807,0.38884255319148936
240000,1,240000,240000,0.8581498447761194,133423.32927274704,0.0018661703924008786,0.38848333333333335
245000,1,245000,245000,0.8551946208955223,136172.36486756802,0.0018759546861563908,0.3882734693877551
250000,1,250000,250000,0.8522393970149253,138907.27562475204,0.0018875449151422945,0.387996
255000,1,255000,255000,0.8492841731343284,141622.9538191557,0.0018968169313410923,0.38767450980392154
260000,1,260000,260000,0.8463289492537314,144380.97061657906,0.0019042660742430038,0.3874923076923077
265000,1,265000,265000,0.8433737253731344,147316.37452805042,0.0019130792851610886,0.3877622641509434
270000,1,270000,270000,0.8404185014925374,150060.53932201862,0.0019199517763390623,0.38755925925925927
275000,1,275000,275000,0.8374632776119403,152822.81143414974,0.0019255723504079188,0.3873927272727273
280000,1,280000,280000,0.8345080537313433,155610.8794312477,0.0019315792740495713,0.3873107142857143
285000,1,285000,285000,0.8315528298507463,158483.62741720676,0.0019377676033599225,0.3874
290000,1,290000,290000,0.8285976059701492,161352.41927456856,0.001942168199387429,0.3874586206896552
295000,1,295000,295000,0.8256423820895522,164290.9564549923,0.0019457342927370288,0.38759661016949154
300000,1,300000,300000,0.8226871582089552,167101.9016301632,0.0019493060367494763,0.38757
305000,1,305000,305000,0.8197319343283582,169978.43378818035,0.001954157780094662,0.38760983606557375
310000,1,310000,310000,0.8167767104477612,172891.59013926983,0.001959648547618652,0.3876903225806452
315000,1,315000,315000,0.8138214865671642,175751.28930699825,0.001963909353404389,0.3877047619047619
320000,1,320000,320000,0.8108662626865671,178611.6092402935,0.0019680367080822632,0.387696875
325000,1,325000,325000,0.8079110388059701,181517.89587402344,0.0019704713442134044,0.38776
330000,1,330000,330000,0.8049558149253732,184471.50458335876,0.0019720846951720885,0.387930303030303
335000,1,335000,335000,0.8020005910447761,187443.02094233036,0.0019741956201092246,0.3881850746268657
340000,2,4488,340000,0.7990453671641791,3254.7624937295914,0.002144559417307479,0.5124777183600713
345000,2,9488,345000,0.7960901432835821,6820.133816719055,0.0022081423104630448,0.5094856661045531
350000,2,14488,350000,0.7931349194029851,10007.818696141243,0.00230561025683648,0.4906819436775262
355000,2,19488,355000,0.7901796955223881,14122.124772310257,0.0022994025436803766,0.5129823481116584
360000,2,24488,360000,0.7872244716417911,17266.22774708271,0.0023004974090692627,0.4999183273440052
365000,2,29488,365000,0.7842692477611941,20081.470569491386,0.00229847968306054,0.48273874118285404
370000,2,34488,370000,0.781314023880597,22800.411110043526,0.002303612601590274,0.46842379958246344
375000,2,39488,375000,0.7783588,25547.20640361309,0.002315225349731352,0.45829112641815234
380000,2,44488,380000,0.775403576119403,28387.27961087227,0.0023274438364697106,0.45169483905772345
385000,2,49488,385000,0.7724483522388059,31171.784198641777,0.0023228210265873973,0.4459464920788878
390000,2,54488,390000,0.7694931283582089,34087.245764017105,0.0023180396347629883,0.44270298047276463
395000,2,59488,395000,0.7665379044776119,37057.40452706814,0.002339237264338235,0.4405258203335126
400000,2,64488,400000,0.763582680597015,39811.79294490814,0.002340252997806084,0.4368099491378241
405000,2,69488,400000,0.760627456716418,42703.98458516598,0.002338159775770085,0.4347081510476629
410000,2,74488,400000,0.757672232835821,45643.951953053474,0.0023321008955129317,0.4335866179787348
415000,2,79488,400000,0.7547170089552239,48488.73758840561,0.0023278009027744586,0.43172554347826086
420000,2,84488,400000,0.7517617850746269,51342.0589222908,0.002315535610469059,0.4300729097623331
425000,2,89488,400000,0.7488065611940298,54146.82906448841,0.002303392000185456,0.42810209190059
430000,2,94488,400000,0.7458513373134328,57096.879366874695,0.0022912451221627377,0.4274722716112099
435000,2,99488,400000,0.7428961134328358,62679.02739787102,0.0022829114279194276,0.4458929720167256
440000,2,104488,400000,0.7399408895522388,66314.70374166965,0.0022773829166818013,0.4490467804915397
445000,2,109488,400000,0.7369856656716418,69319.5366910696,0.002273069577987948,0.44795776706123047
450000,2,114488,400000,0.7340304417910448,72352.58452689648,0.0022647517756166865,0.44709489204108727
455000,2,119488,400000,0.7310752179104478,75525.45456647873,0.0022669284764666093,0.4469653856454205
460000,2,124488,400000,0.7281199940298508,78565.8953357935,0.0022696970500758373,0.4462438146648673
465000,2,129488,400000,0.7251647701492537,81596.69964265823,0.0022680013257022264,0.44542351414802916
470000,2,134488,400000,0.7222095462686567,84772.57487607002,0.002264761960072233,0.4454152043304979
475000,2,139488,400000,0.7192543223880598,89003.27700281143,0.0022651218744524195,0.45073411332874513
480000,2,144488,400000,0.7162990985074627,93389.76315116882,0.0022671431714769126,0.45648773600575826
485000,2,149488,400000,0.7133438746268657,97541.17632615566,0.002273073157040874,0.46056539655356954
490000,2,154488,400000,0.7103886507462687,100608.35522699356,0.0022753216786617846,0.45942079643726375
495000,2,159488,400000,0.7074334268656717,103666.32805883884,0.002279320126130126,0.4582978029695024
500000,2,164488,400000,0.7044782029850747,106892.7611092329,0.002282125385943483,0.45807596906765236
505000,2,169488,400000,0.7015229791044777,109773.77898073196,0.002281668600341914,0.4563803927121684
510000,2,174488,400000,0.6985677552238806,112737.01183116436,0.002281456962901649,0.45501696391728946
515000,2,179488,400000,0.6956125313432836,115848.65658712387,0.002284831862945048,0.4543089231592084
520000,2,184488,400000,0.6926573074626866,118966.00880265236,0.00229039731074279,0.4536121590564156
525000,2,189488,400000,0.6897020835820895,122065.7601184845,0.002295893892126029,0.452862450392637
530000,2,194488,400000,0.6867468597014925,125292.67340362072,0.002299654105206659,0.45255234256098065
535000,2,199488,400000,0.6837916358208955,128561.59188044071,0.002300578913861028,0.4523981392364453
540000,2,204488,400000,0.6808364119402985,131666.88163888454,0.0023026842187954632,0.45175756034583936
545000,2,209488,400000,0.6778811880597015,134809.13060629368,0.0023006576438107944,0.4512143893683648
550000,2,214488,400000,0.6749259641791046,137961.14755439758,0.002299058945381471,0.4507291783223304
555000,2,219488,400000,0.6719707402985075,141138.61177635193,0.002296069950543587,0.4504710963697332
560000,2,224488,400000,0.6690155164179105,144463.58234095573,0.0022927928347391538,0.45065215067175085
565000,2,229488,400000,0.6660602925373135,147819.8446418047,0.0022913423739355627,0.45088632085337793
570000,2,234488,400000,0.6631050686567164,151025.01287400723,0.0022871549743640595,0.45053051755313706
575000,2,239488,400000,0.6601498447761194,154221.7089124918,0.002282505031711624,0.45023967797969
580000,2,244488,400000,0.6571946208955224,157632.09264659882,0.0022822173700584605,0.45061516311639016
585000,2,249488,400000,0.6542393970149254,160973.2820379734,0.0022810783804485977,0.4507671711665491
590000,2,254488,400000,0.6512841731343284,164176.00966787338,0.002279368175557308,0.45049275407877776
595000,2,259488,400000,0.6483289492537314,167487.1968331337,0.002277361410412789,0.45056804168208164
600000,2,264488,400000,0.6453737253731343,170922.02718949318,0.0022793914371427386,0.4509580774931188
605000,2,269488,400000,0.6424185014925373,174218.70842564106,0.002278892076110338,0.4508994834649409
610000,2,274488,400000,0.6394632776119403,177515.51490938663,0.002277165797901919,0.45094503220541515
615000,2,279488,400000,0.6365080537313432,181000.27812099457,0.002276335534583935,0.45139683993588275
620000,2,284488,400000,0.6335528298507462,184247.94925618172,0.0022756229575457993,0.45126683726554373
625000,2,289488,400000,0.6305976059701492,187559.99064326286,0.0022742338805008112,0.4512622284861549
630000,2,294488,400000,0.6276423820895523,190971.27431213856,0.002272127497913427,0.4514479367580343
635000,2,299488,400000,0.6246871582089553,194459.63617515564,0.0022730853163975694,0.4518645154396837
640000,2,304488,400000,0.6217319343283583,197948.5372750759,0.002273545593850563,0.4522444234255537
645000,2,309488,400000,0.6187767104477612,201248.90325915813,0.0022756171423833575,0.4521790828723569
650000,2,314488,400000,0.6158214865671642,204612.37726962566,0.0022762065427632647,0.45224301086209967
655000,2,319488,400000,0.6128662626865672,207995.8768184185,0.0022756231704167437,0.45235501802884615
660000,2,324488,400000,0.6099110388059701,211347.96828103065,0.0022751139471971268,0.4523957742659205
665000,2,329488,400000,0.6069558149253731,214784.84527266026,0.0022738610652240612,0.45260221920069926
670000,2,334488,400000,0.6040005910447761,218272.4943305254,0.0022727247211503736,0.4529340364975724
675000,3,3976,400000,0.6010453671641791,3159.294725060463,0.0023842746759877285,0.5575955734406438
680000,3,8976,400000,0.5980901432835821,7133.664845943451,0.002393543954035757,0.5621657754010695
685000,3,13976,400000,0.5951349194029851,10594.90881896019,0.002401548636890528,0.5370635374928449
690000,3,18976,400000,0.592179695522388,15345.994107842445,0.002405643507026704,0.5708263069139966
695000,3,23976,400000,0.589224471641791,18885.586884975433,0.002401765686873275,0.5568902235568902
700000,3,28976,400000,0.586269247761194,22137.288231611252,0.002394889211506399,0.5404472667034788
705000,3,33976,400000,0.5833140238805969,25319.453424692154,0.0023777100215615836,0.527254532611255
710000,3,38976,400000,0.5803588,28385.591980814934,0.0023978137496042423,0.5152144909688013
715000,3,43976,400000,0.577403576119403,31691.280405282974,0.0024259165445881027,0.5095961433509186
720000,3,48976,400000,0.574448352238806,34872.67813062668,0.002429367717105925,0.5036344331917674
725000,3,53976,400000,0.571493128358209,38243.78461718559,0.002431497066882922,0.5011486586631095
730000,3,58976,400000,0.568537904477612,41650.19341957569,0.0024512779689178383,0.4990335051546392
735000,3,63976,400000,0.5655826805970149,44912.13135290146,0.002458906258815379,0.4959672377141428
740000,3,68976,400000,0.5626274567164179,48096.27292752266,0.0024526062666839358,0.4925336348874971
745000,3,73976,400000,0.5596722328358209,51461.63775622845,0.0024452636217059676,0.49164593922353195
750000,3,78976,400000,0.5567170089552238,54800.79467332363,0.00243324415703025,0.49038948541329014
755000,3,83976,400000,0.5537617850746268,58095.6693212986,0.002420121090946102,0.4890683052300657
760000,3,88976,400000,0.5508065611940298,61430.73690342903,0.0024136996178254753,0.48794056824312176
765000,3,93976,400000,0.5478513373134328,64783.730632543564,0.0024073679674432896,0.4871137311654039
770000,3,98976,400000,0.5448961134328358,70181.76788425446,0.002409114425761675,0.5012023116715163
775000,3,103976,400000,0.5419408895522388,74579.88511288166,0.002405302946993332,0.5069054397168578
780000,3,108976,400000,0.5389856656716419,77988.07834291458,0.002394456464506673,0.5057719130817795
785000,3,113976,400000,0.5360304417910449,81579.25790691376,0.0023892621873670672,0.5058784305467818
790000,3,118976,400000,0.5330752179104479,85281.92866420746,0.0023829033348699113,0.5065391339429801
795000,3,123976,400000,0.5301199940298508,88884.34872329235,0.0023737028757540653,0.5065254565399755
800000,3,128976,400000,0.5271647701492538,92497.27981507778,0.002370096652857799,0.5064353057933259
805000,3,133976,400000,0.5242095462686567,96118.96355330944,0.00236797966845326,0.5065981966919448
810000,3,138976,400000,0.5212543223880597,100441.89218568802,0.0023602821961469095,0.5101240501957173
815000,3,143976,400000,0.5182990985074627,105346.29634487629,0.0023588314999200104,0.516398566427738
820000,3,148976,400000,0.5153438746268657,110023.68351566792,0.002356561034048208,0.5210168080764687
825000,3,153976,400000,0.5123886507462687,113538.75413310528,0.0023549577785777847,0.519918688626799
830000,3,158976,400000,0.5094334268656717,117025.62623977661,0.002354567781460955,0.5186946457326892
835000,3,163976,400000,0.5064782029850747,120803.07018399239,0.0023519603663199615,0.5188686149192565
840000,3,168976,400000,0.5035229791044777,123924.6538746357,0.002354090098578741,0.5163691885238141
845000,3,173976,400000,0.5005677552238806,127426.75903224945,0.0023566063532328113,0.5153871798408975
850000,3,178976,400000,0.49761253134328354,131024.03272378445,0.0023571612104443087,0.5148567405685679
855000,3,183976,400000,0.49465730746268655,134642.1516469717,0.002356022012199234,0.5143931817193547
860000,3,188976,400000,0.49170208358208956,138154.9076691866,0.002354769858774085,0.5135519854373042
865000,3,193976,400000,0.48874685970149256,141720.46109592915,0.002355548545419295,0.5129964531694643
870000,3,198976,400000,0.48579163582089546,145529.74901545048,0.0023555075497009577,0.5132025972981666
875000,3,203976,400000,0.48283641194029847,149152.5549389124,0.002355424211024861,0.5128544534651135
880000,3,208976,400000,0.4798811880597015,152745.44463908672,0.002350548104253714,0.5123507005589159
885000,3,213976,400000,0.4769259641791045,156511.61568629742,0.0023468384627248614,0.5124406475492579
890000,3,218976,400000,0.4739707402985074,160126.82578861713,0.0023440060718783336,0.5121017828437819
895000,3,223976,400000,0.4710155164179105,163827.0630697012,0.0023417491890594297,0.5120370039647105
900000,3,228976,400000,0.4680602925373134,167728.39953386784,0.002337917859361459,0.5125821046747258
905000,3,233976,400000,0.4651050686567164,171473.6241633892,0.0023321058155606183,0.5124970082401614
910000,3,238976,400000,0.4621498447761193,175087.7363754511,0.002325832310462957,0.5121434788430638
915000,3,243976,400000,0.45919462089552243,178768.62801885605,0.002321939555694727,0.5120093779716037
920000,3,248976,400000,0.45623939701492533,182698.28355813026,0.002320301719682251,0.5124911638069533
925000,3,253976,400000,0.45328417313432834,186254.70581650734,0.0023161396895909968,0.5119814470658645
930000,3,258976,400000,0.45032894925373135,189929.62199509144,0.0023099465158601573,0.5118582416903497
935000,3,263976,400000,0.44737372537313436,193977.54826200008,0.002308265079920935,0.5126905476255417
940000,3,268976,400000,0.44441850149253725,197952.13755857944,0.0023051527412820466,0.5132279459877461
945000,3,273976,400000,0.44146327761194026,201777.5443470478,0.002303465716597182,0.5134281834905248
950000,3,278976,400000,0.4385080537313434,205753.08175122738,0.0023003525711021377,0.5139976198669419
955000,3,283976,400000,0.4355528298507463,209577.42031943798,0.002300032046076723,0.5142054258106319
960000,3,288976,400000,0.4325976059701493,213299.72124505043,0.0022972365831568755,0.5141222800509385
965000,3,293976,400000,0.4296423820895522,217250.4819523096,0.002295263441603052,0.5144841755789589
970000,3,298976,400000,0.4266871582089553,221216.56312131882,0.002291731972458155,0.5149209301081024
975000,3,303976,400000,0.4237319343283582,225140.6841480732,0.002289694144782868,0.5152610732426244
980000,3,308976,400000,0.4207767104477612,229045.86471664906,0.002289292801174622,0.5154672207550101
985000,3,313976,400000,0.4178214865671642,232976.26718354225,0.0022867013412817567,0.515749611435269
990000,3,318976,400000,0.41486626268656723,236878.1765590906,0.0022841865608799992,0.5159761235955056
995000,3,323976,400000,0.41191103880597013,240798.98950707912,0.0022837926305920462,0.5161586043410623
1000000,3,328976,400000,0.40895581492537314,244638.37904250622,0.0022820848488154526,0.5162382666212733
1005000,3,333976,400000,0.40600059104477615,248745.57099974155,0.0022797464447218735,0.5168784583323353
1010000,4,3464,400000,0.40304536716417916,3123.3195811510086,0.002128688611600878,0.6333718244803695
1015000,4,8464,400000,0.40009014328358206,7538.833873748779,0.002169813674648815,0.6316162570888468
1020000,4,13464,400000,0.3971349194029852,11702.470653414726,0.0022436719015429163,0.6160130718954249
1025000,4,18464,400000,0.3941796955223881,16943.584257364273,0.002215932376379085,0.6481802426343154
1030000,4,23464,400000,0.3912244716417911,21012.87789607048,0.0022673636542812304,0.6343760654619843
1035000,4,28464,400000,0.388269247761194,24657.543402314186,0.002299403036732989,0.613406408094435
1040000,4,33464,400000,0.3853140238805971,28139.608798742294,0.002319776374367691,0.5953860865407602
1045000,4,38464,400000,0.3823588,31792.81525683403,0.0023400700625013835,0.5848325707154742
1050000,4,43464,400000,0.379403576119403,35610.896777272224,0.002366010066738209,0.5794910730719676
1055000,4,48464,400000,0.3764483522388059,39290.544770121574,0.002368350996144558,0.5736629250577748
1060000,4,53464,400000,0.373493128358209,43094.595854997635,0.002372505483204734,0.5700097261708813
1065000,4,58464,400000,0.3705379044776119,46917.42631423473,0.002364193806646281,0.5670327038861521
1070000,4,63464,400000,0.36758268059701493,50518.89872944355,0.0023940400991866667,0.5625078784822892
1075000,4,68464,400000,0.36462745671641794,54262.760635614395,0.0023986172527206287,0.559754031315728
1080000,4,73464,400000,0.36167223283582095,58076.60953438282,0.0023969141484993673,0.5585729064575846
1085000,4,78464,400000,0.35871700895522385,61895.49700510502,0.002386107492402872,0.557414865415987
1090000,4,83464,400000,0.35576178507462686,65667.83737754822,0.002381833020638586,0.5560361353397872
1095000,4,88464,400000,0.35280656119402987,69439.59858250618,0.0023806880005453938,0.5546550009043226
1100000,4,93464,400000,0.3498513373134329,73230.6744095087,0.0023660444089975284,0.5536570230249079
1105000,4,98464,400000,0.3468961134328358,78617.87273192406,0.0023596161263294566,0.5642366753331167
1110000,4,103464,400000,0.3439408895522389,83609.382350564,0.002352772888301116,0.5711261888192994
1115000,4,108464,400000,0.3409856656716418,87486.91291463375,0.002346639159571249,0.5700416728130993
1120000,4,113464,400000,0.3380304417910448,91690.1091375351,0.002345994561777494,0.570982866812381
1125000,4,118464,400000,0.3350752179104477,95895.92606461048,0.0023437564166258447,0.5718108454889249
1130000,4,123464,400000,0.3321199940298508,100005.59915411472,0.0023416417533383476,0.5720128944469643
1135000,4,128464,400000,0.3291647701492537,104135.41592538357,0.002338110848144384,0.5722147839083322
1140000,4,133464,400000,0.3262095462686567,108318.48217236996,0.002332063469379147,0.5727761793442426
1145000,4,138464,400000,0.3232543223880596,112884.78328835964,0.0023322660497692932,0.5751025537323781
1150000,4,143464,400000,0.32029909850746274,118424.92050480843,0.0023329285197768285,0.582236658673953
1155000,4,148464,400000,0.31734387462686564,123625.81388485432,0.002332864550772911,0.5871659122750297
1160000,4,153464,400000,0.31438865074626865,127439.78446781635,0.0023346436219360356,0.5852968774435698
1165000,4,158464,400000,0.31143342686567166,131217.53331923485,0.002337994946616407,0.5832933663166397
1170000,4,163464,400000,0.30847820298507467,135476.05307412148,0.002340246995387526,0.5836025057505017
1175000,4,168464,400000,0.30552297910447757,139009.64757835865,0.00234112270000899,0.5808896856301643
1180000,4,173464,400000,0.3025677552238806,142633.68634963036,0.0023496503340197125,0.5786157358299129
1185000,4,178464,400000,0.2996125313432836,146613.8745484352,0.002351649981010161,0.5778476331360947
1190000,4,183464,400000,0.2966573074626866,150774.41604721546,0.002350747596556233,0.5776610125147168
1195000,4,188464,400000,0.2937020835820895,154764.71442961693,0.002346590214220482,0.5768740979709652
1200000,4,193464,400000,0.2907468597014926,158839.72139155865,0.002348602690793154,0.5764741760741017
1205000,4,198464,400000,0.2877916358208955,163065.31795978546,0.002346382931481962,0.5765529264753305
1210000,4,203464,400000,0.2848364119402985,167335.18062996864,0.0023430540929113845,0.5767457633782881
1215000,4,208464,400000,0.2818811880597014,171307.74264526367,0.0023369659648642856,0.5760035305856167
1220000,4,213464,400000,0.27892596417910454,175519.03329491615,0.002331497416585721,0.5759472323202038
1225000,4,218464,400000,0.27597074029850743,179648.20329594612,0.0023282458484750316,0.575719569356965
1230000,4,223464,400000,0.27301551641791044,183912.27568221092,0.002324013093321912,0.575985393620449
1235000,4,228464,400000,0.27006029253731334,188324.58068311214,0.0023187077482381417,0.5766597800966454
1240000,4,233464,400000,0.26710506865671646,192567.39614665508,0.0023141312818696297,0.5766242332865024
1245000,4,238464,400000,0.26414984477611936,196581.22234737873,0.0023119453242543874,0.5760701825013419
1250000,4,243464,400000,0.26119462089552237,200791.76162993908,0.0023080606410239555,0.5760235599513686
1255000,4,248464,400000,0.2582393970149254,205199.3629233837,0.002305420447069727,0.5765784982935154
1260000,4,253464,400000,0.2552841731343284,209314.75059223175,0.0023025793109080635,0.5762909131079759
1265000,4,258464,400000,0.2523289492537313,213371.36770129204,0.002301068598570536,0.5759332053980438
1270000,4,263464,400000,0.2493737253731343,217840.94007968903,0.0022979614896138103,0.5766594297513132
1275000,4,268464,400000,0.2464185014925373,222277.13800895214,0.0022941751161123865,0.5772505810834972
1280000,4,273464,400000,0.2434632776119403,226604.4740922451,0.0022896285864356875,0.5775129450311558
1285000,4,278464,400000,0.24050805373134332,231110.80060267448,0.0022862995517233865,0.5782399161112388
1290000,4,283464,400000,0.23755282985074633,235495.08002698421,0.0022849880114758805,0.5786166850111478
1295000,4,288464,400000,0.23459760597014934,239616.92982161045,0.002282960384586278,0.5783459981141494
1300000,4,293464,400000,0.23164238208955223,244226.46709394455,0.002281893876828167,0.579151105416678
1305000,4,298464,400000,0.22868715820895524,248779.24180030823,0.00227808795187104,0.5798354240377399
1310000,4,303464,400000,0.22573193432835825,253346.81048095226,0.002275180451724624,0.5805630980940079
1315000,4,308464,400000,0.22277671044776126,257729.32325530052,0.002273423101436462,0.5807582084132994
1320000,4,313464,400000,0.21982148656716416,262099.24512124062,0.002270228099859026,0.5808641502692494
1325000,4,318464,400000,0.21686626268656717,266686.0107398033,0.00226681681992104,0.58156023914791
1330000,4,323464,400000,0.21391103880597018,271165.3882960081,0.002264979529652253,0.5819472955259318
1335000,4,328464,400000,0.2109558149253732,275567.6771491766,0.0022618125076209,0.5822464562326465
1340000,4,333464,400000,0.20800059104477608,280195.2795114517,0.00225891127833189,0.5829384881126598
1345000,5,2952,400000,0.2050453671641792,2859.357047557831,0.0020608713305253993,0.681910569105691
1350000,5,7952,400000,0.2020901432835821,7723.271377921104,0.00217330786403496,0.6898893360160966
1355000,5,12952,400000,0.1991349194029851,12346.35980463028,0.0022021702641407386,0.6768838789376158
1360000,5,17952,400000,0.196179695522388,17890.240316987038,0.0021897617124119416,0.7065508021390374
1365000,5,22952,400000,0.19322447164179113,22520.50591635704,0.0022288423522818664,0.6947542697804113
1370000,5,27952,400000,0.19026924776119403,26608.086260437965,0.0022336836339282365,0.6740483686319405
1375000,5,32952,400000,0.18731402388059704,30635.185587525368,0.0022430496080077618,0.6583515416363195
1380000,5,37952,400000,0.18435880000000004,34657.745935320854,0.00224003106162069,0.646606239460371
1385000,5,42952,400000,0.18140357611940305,38881.50458288193,0.0022546067952286205,0.6405988079716893
1390000,5,47952,400000,0.17844835223880595,42963.76421880722,0.00224827215651369,0.6341132799466133
1395000,5,52952,400000,0.17549312835820896,47158.20198786259,0.0022481119108312487,0.6300234174346578
1400000,5,57952,400000,0.17253790447761197,51474.21227490902,0.002277802086567696,0.6279852291551629
1405000,5,62952,400000,0.16958268059701498,55527.27463006973,0.0022768739208031885,0.6236338797814208
1410000,5,67952,400000,0.16662745671641788,59742.397475242615,0.002275026651700047,0.6215122439368966
1415000,5,72952,400000,0.16367223283582089,63880.92859530449,0.0022632924912273917,0.6193798662134006
1420000,5,77952,400000,0.1607170089552239,68208.87414121628,0.0022553827341933994,0.6189963054187192
1425000,5,82952,400000,0.1577617850746269,72347.75218784809,0.00224745461915785,0.6170435914745878
1430000,5,87952,400000,0.1548065611940298,76691.72255969048,0.002233926592752056,0.6167341277060214
1435000,5,92952,400000,0.15185133731343292,80994.39562392235,0.002223216588043877,0.6162535502194681
1440000,5,97952,400000,0.14889611343283582,86509.77754867077,0.0022179106208928077,0.6245610094740282
1445000,5,102952,400000,0.14594088955223883,92099.77892434597,0.0022115965609312243,0.6326831921672236
1450000,5,107952,400000,0.14298566567164173,96534.76022088528,0.0022110297508184684,0.6324477545575812
1455000,5,112952,400000,0.14003044179104485,101331.00828158855,0.002205616206095422,0.6343402507259721
1460000,5,117952,400000,0.13707521791044774,106099.21545290947,0.002201802230847613,0.6360129544221378
1465000,5,122952,400000,0.13411999402985075,110770.02153086662,0.0021969133441246116,0.6367444205868957
1470000,5,127952,400000,0.13116477014925376,115425.17361557484,0.0021973637752066544,0.6373093034888083
1475000,5,132952,400000,0.12820954626865677,120162.08533704281,0.002195079288023431,0.638403333533907
1480000,5,137952,400000,0.12525432238805967,125178.93301260471,0.0021895347688651386,0.6406793667362561
1485000,5,142952,400000,0.12229909850746268,131086.15696430206,0.002194765796319089,0.647385136269517
1490000,5,147952,400000,0.11934387462686569,136772.69677889347,0.0021980824520775855,0.6524210554774521
1495000,5,152952,400000,0.1163886507462687,141049.62106192112,0.0022010839079381404,0.6505570375019614
1500000,5,157952,400000,0.1134334268656716,145317.96837818623,0.0022055053010053465,0.6487034035656402
1505000,5,162952,400000,0.1104782029850746,150163.13205707073,0.002207774923734075,0.6494611910255781
1510000,5,167952,400000,0.10752297910447761,153998.20274150372,0.0022081421055754257,0.6459881394684196
1515000,5,172952,400000,0.10456775522388062,157924.73052573204,0.0022094742549206878,0.6429356121929783
1520000,5,177952,400000,0.10161253134328352,162485.5575569868,0.002210844496052812,0.6426114907390758
1525000,5,182952,400000,0.09865730746268664,167155.23785555363,0.002211083842328832,0.6425783812147449
1530000,5,187952,400000,0.09570208358208954,171493.97883021832,0.0022102042962427334,0.6413818421724695
1535000,5,192952,400000,0.09274685970149255,175910.34760451317,0.002212060603594912,0.6404857166549194
1540000,5,197952,400000,0.08979163582089544,180676.3586012125,0.0022120736084060757,0.6407816036210798
1545000,5,202952,400000,0.08683641194029856,185509.2163735628,0.002212300844356588,0.6413142023729749
1550000,5,207952,400000,0.08388118805970146,189935.5074402094,0.0022141016053977697,0.6404939601446488
1555000,5,212952,400000,0.08092596417910447,194552.6922725439,0.002215883774781567,0.6402945264660581
1560000,5,217952,400000,0.07797074029850748,199239.08751428127,0.00221395082098979,0.6403978857730143
1565000,5,222952,400000,0.07501551641791049,203983.7565268278,0.0022102782902005866,0.640689475761599
1570000,5,227952,400000,0.07206029253731339,208987.06266450882,0.0022063965171573437,0.6417315926159893
1575000,5,232952,400000,0.0691050686567164,213810.84363281727,0.0022054259431791598,0.6419605755692159
1580000,5,237952,400000,0.0661498447761194,218262.8205127716,0.002204621465603809,0.6413394298009683
1585000,5,242952,400000,0.06319462089552241,222871.2365962267,0.002205444151759826,0.6410690177483618
1590000,5,247952,400000,0.06023939701492531,227821.91343283653,0.002205054962501859,0.6417653416790347
1595000,5,252952,400000,0.05728417313432832,232408.95602703094,0.0022058726313353835,0.6414655744963471
1600000,5,257952,400000,0.05432894925373133,236926.99717342854,0.0022055136479435656,0.6410727577223669
1605000,5,262952,400000,0.05137372537313434,241978.17980909348,0.002202753617393183,0.6421400103440932
1610000,5,267952,400000,0.048418501492537236,247057.1193871498,0.0022065816088150413,0.6431039887741088
1615000,5,272952,400000,0.045463277611940356,251861.8166744709,0.002205008200122986,0.6433768574694452
1620000,5,277952,400000,0.042508053731343365,256776.46941804886,0.0022034019334446655,0.6439888901680866
1625000,5,282952,400000,0.03955282985074626,261704.63865602016,0.00220152678886353,0.6445439509174701
1630000,5,287952,400000,0.03659760597014927,266279.7061766386,0.0022011138523681142,0.6442115352558759
1635000,5,292952,400000,0.03364238208955228,271426.29132187366,0.002201881109095547,0.6451910210546438
1640000,5,297952,400000,0.03068715820895529,276483.2450898886,0.0022005147242956584,0.6459060519815272
1645000,5,302952,400000,0.027731934328358188,281584.457498312,0.0022011323872475966,0.6467361166125327
1650000,5,307952,400000,0.024776710447761308,286480.6542506218,0.002202569310888676,0.6469904400685821
1655000,5,312952,400000,0.021821486567164206,291370.7954480648,0.002205856658536344,0.6472462230629618
1660000,5,317952,400000,0.018866262686567215,296476.42650580406,0.0022055198485989255,0.6479783111916264
1665000,5,322952,400000,0.015911038805970112,301490.54459643364,0.0022054242293439883,0.6484524015952835
1670000,5,327952,400000,0.012955814925373232,306352.08546352386,0.0022078372576495747,0.6486437039566766
1675000,5,332952,400000,0.01000059104477613,311518.58075237274,0.0022082917475701428,0.6494299478603522
1680000,6,2440,400000,0.010000000000000009,2589.5563938617706,0.002166608273033549,0.7450819672131147
1685000,6,7440,400000,0.010000000000000009,7785.724469542503,0.0023245022173326896,0.7431451612903226
1690000,6,12440,400000,0.010000000000000009,12763.03757739067,0.0024053950184779135,0.730064308681672
1695000,6,17440,400000,0.010000000000000009,18395.474965810776,0.002405153833234356,0.750802752293578
1700000,6,22440,400000,0.010000000000000009,23769.136734724045,0.002460048770181417,0.7510249554367201
1705000,6,27440,400000,0.010000000000000009,28233.810344457626,0.0025003362852143622,0.7295189504373177
1710000,6,32440,400000,0.010000000000000009,32715.196817159653,0.0025058757740545313,0.7149506781750925
1715000,6,37440,400000,0.010000000000000009,37105.07916903496,0.0024986293875442172,0.7020833333333333
1720000,6,42440,400000,0.010000000000000009,41812.625170230865,0.0025001087004074044,0.6977379830348728
1725000,6,47440,400000,0.010000000000000009,46298.098588228226,0.0024929882968703,0.6911467116357505
1730000,6,52440,400000,0.010000000000000009,50777.594935536385,0.0024793579571424063,0.6855644546147979
1735000,6,57440,400000,0.010000000000000009,55533.75966954231,0.0024599134164405836,0.6840529247910864
1740000,6,62440,400000,0.010000000000000009,59956.92463409901,0.0024537938728298836,0.6793561819346573
1745000,6,67440,400000,0.010000000000000009,64411.074684500694,0.0024346561773991833,0.6756524317912218
1750000,6,72440,400000,0.010000000000000009,68903.30183947086,0.0024163455655518687,0.6731225842076201
1755000,6,77440,400000,0.010000000000000009,73588.03965628147,0.002411314695186136,0.6725852272727273
1760000,6,82440,400000,0.010000000000000009,78000.66064667702,0.002396364968091656,0.6696991751576904
1765000,6,87440,400000,0.010000000000000009,82539.65302038193,0.0023835307422585537,0.6681038426349497
1770000,6,92440,400000,0.010000000000000009,87200.23401606083,0.002391297086353702,0.6674167027260925
1775000,6,97440,400000,0.010000000000000009,92706.35615026951,0.0023810770783969995,0.6730398193760263
1780000,6,102440,400000,0.010000000000000009,98699.79658341408,0.0023712701696288344,0.6816282702069504
1785000,6,107440,400000,0.010000000000000009,103570.80473923683,0.002359638409506493,0.6820457930007446
1790000,6,112440,400000,0.010000000000000009,108744.18424224854,0.0023553645288287945,0.6840537175382426
1795000,6,117440,400000,0.010000000000000009,113938.06624174118,0.002350458532761483,0.6861886920980926
1800000,6,122440,400000,0.010000000000000009,118940.92627000809,0.002350459981865402,0.6867690297288468
1805000,6,127440,400000,0.010000000000000009,123971.73600792885,0.0023487328158730294,0.6874136848713119
1810000,6,132440,400000,0.010000000000000009,129048.66708183289,0.0023441685775033097,0.6885155542132286
1815000,6,137440,400000,0.010000000000000009,134141.00623571873,0.002340780176794474,0.6894935972060535
1820000,6,142440,400000,0.010000000000000009,140228.07396495342,0.002339316050810812,0.6953383880932322
1825000,6,147440,400000,0.010000000000000009,146251.5517232418,0.0023385451854084174,0.700366250678242
1830000,6,152440,400000,0.010000000000000009,150644.30647432804,0.0023455972699743858,0.697533455785883
1835000,6,157440,400000,0.010000000000000009,155135.73965215683,0.0023448703189809217,0.6952045223577236
1840000,6,162440,400000,0.010000000000000009,160255.66766119003,0.0023465375285482994,0.6957276532873676
1845000,6,167440,400000,0.010000000000000009,164318.71589899063,0.002342633415972657,0.6918597706641185
1850000,6,172440,400000,0.010000000000000009,168280.79247772694,0.0023387970173776623,0.6877058687079564
1855000,6,177440,400000,0.010000000000000009,172947.69264233112,0.0023379761534160146,0.6864630297565374
1860000,6,182440,400000,0.010000000000000009,177847.579508543,0.0023403715445352666,0.686165314623986
1865000,6,187440,400000,0.010000000000000009,182417.25682651997,0.002340430598996424,0.6846030729833547
1870000,6,192440,400000,0.010000000000000009,186999.25544786453,0.002339814087456807,0.6831583870297235
1875000,6,197440,400000,0.010000000000000009,191917.45459854603,0.0023403099484198904,0.6829467179902755
1880000,6,202440,400000,0.010000000000000009,196963.9030609131,0.0023435441326535534,0.6832147796878087
1885000,6,207440,400000,0.010000000000000009,201601.29603242874,0.0023417386650982377,0.6820622830698033
1890000,6,212440,400000,0.010000000000000009,206416.9326082468,0.0023412602860415884,0.6814677085294671
1895000,6,217440,400000,0.010000000000000009,211331.5951281786,0.002335511762869295,0.6813603752759382
1900000,6,222440,400000,0.010000000000000009,216153.4356878996,0.0023292002397878133,0.6810240963855422
1905000,6,227440,400000,0.010000000000000009,221270.14777863026,0.0023263170406553264,0.6815731621526556
1910000,6,232440,400000,0.010000000000000009,226368.0802334547,0.002320413681874613,0.6817501290655653
1915000,6,237440,400000,0.010000000000000009,230923.46874558926,0.0023173697675630896,0.6806014150943396
1920000,6,242440,400000,0.010000000000000009,235727.0123206377,0.002314523052464489,0.6800775449595776
1925000,6,247440,400000,0.010000000000000009,240780.9717284441,0.002310641714713318,0.6802901713546718
1930000,6,252440,400000,0.010000000000000009,245551.36470210552,0.002304222063144591,0.6797456821422913
1935000,6,257440,400000,0.010000000000000009,250083.60787570477,0.002299408606602521,0.6786668738346799
1940000,6,262440,400000,0.010000000000000009,255253.63480257988,0.0022948384855984443,0.679320987654321
1945000,6,267440,400000,0.010000000000000009,260464.00440490246,0.002292934517678951,0.6799244690397847
1950000,6,272440,400000,0.010000000000000009,265395.4490041733,0.002289165181943015,0.6798083981794156
1955000,6,277440,400000,0.010000000000000009,270387.978351593,0.0022837647385312754,0.6799380046136102
1960000,6,282440,400000,0.010000000000000009,275538.3164689541,0.002279383412896768,0.6803922957088231
1965000,6,287440,400000,0.010000000000000009,280287.5298811197,0.0022755082671835126,0.6798810186473699
1970000,6,292440,400000,0.010000000000000009,285450.6674745083,0.0022721485284121446,0.6803104910408972
1975000,6,297440,400000,0.010000000000000009,290569.57535016537,0.0022696428941599875,0.680570871436256
1980000,6,302440,400000,0.010000000000000009,295724.9167691469,0.002266572784752763,0.6809218357360137
1985000,6,307440,400000,0.010000000000000009,300784.88139367104,0.002264748262386472,0.6809816549570648
1990000,6,312440,400000,0.010000000000000009,305721.0033477545,0.0022641302093348867,0.6807899116630393
1995000,6,317440,400000,0.010000000000000009,310913.62820506096,0.0022621137042847296,0.6811743951612903
2000000,6,322440,400000,0.010000000000000009,315949.9818716049,0.0022590752216178817,0.681212008435678
2005000,6,327440,400000,0.010000000000000009,320818.4882042408,0.002256249855114367,0.680903371610066
2010000,6,332440,400000,0.010000000000000009,325961.6374799013,0.0022530585572707647,0.6811845746600891
2015000,7,1928,400000,0.010000000000000009,2017.3980164527893,0.002114719197066371,0.7396265560165975
2020000,7,6928,400000,0.010000000000000009,7093.147085547447,0.002284421967202354,0.7279157043879908
2025000,7,11928,400000,0.010000000000000009,12165.81528878212,0.0023047005349523383,0.7253521126760564
2030000,7,16928,400000,0.010000000000000009,17441.265484571457,0.0022911296437671557,0.7338137996219282
2035000,7,21928,400000,0.010000000000000009,23063.257692337036,0.0022848321549486395,0.7459412623130245
2040000,7,26928,400000,0.010000000000000009,27505.821489691734,0.0022884784629826293,0.7245617944147356
2045000,7,31928,400000,0.010000000000000009,31986.532758831978,0.0022925221855784462,0.7106614883487847
2050000,7,36928,400000,0.010000000000000009,36456.580810666084,0.0022823180673940584,0.6997671143847487
2055000,7,41928,400000,0.010000000000000009,41059.03507101536,0.002284259360679861,0.693689181453921
2060000,7,46928,400000,0.010000000000000009,45626.71939957142,0.002286623377418335,0.6886933174224343
2065000,7,51928,400000,0.010000000000000009,50159.21932375431,0.0022829220132140966,0.6841203204436913
2070000,7,56928,400000,0.010000000000000009,54865.34323143959,0.0022772121448715443,0.6823004496908376
2075000,7,61928,400000,0.010000000000000009,59274.23389065266,0.002293746720013288,0.6774802997028808
2080000,7,66928,400000,0.010000000000000009,63780.70034742355,0.0022936911983415416,0.6745158976810901
2085000,7,71928,400000,0.010000000000000009,68226.68253684044,0.002287134630125467,0.671532643754866
2090000,7,76928,400000,0.010000000000000009,72892.1404260397,0.0022895591453564817,0.6709130615640599
2095000,7,81928,400000,0.010000000000000009,77373.93173313141,0.0022831753208665665,0.6687091104384337
2100000,7,86928,400000,0.010000000000000009,81939.6071614027,0.002284181567907919,0.6673338855144487
2105000,7,91928,400000,0.010000000000000009,86628.93747961521,0.0022833905100203586,0.6669458706814029
2110000,7,96928,400000,0.010000000000000009,91863.19175732136,0.002285807796171924,0.6706421261142291
2115000,7,101928,400000,0.010000000000000009,98001.72865831852,0.002292260066712757,0.6804312848285063
2120000,7,106928,400000,0.010000000000000009,102808.82656180859,0.002298019639046222,0.6804578781984139
2125000,7,111928,400000,0.010000000000000009,107913.52887046337,0.002295251175769007,0.6821170752626688
2130000,7,116928,400000,0.010000000000000009,113129.5312461853,0.002300406019019455,0.6844040777230432
2135000,7,121928,400000,0.010000000000000009,118165.60773050785,0.002299177303360042,0.6852404697854472
2140000,7,126928,400000,0.010000000000000009,123269.08623051643,0.0022973721472717462,0.6863182276566242
2145000,7,131928,400000,0.010000000000000009,128353.14520800114,0.002298905654455617,0.6875113698380935
2150000,7,136928,400000,0.010000000000000009,133288.83042633533,0.0022957521401861546,0.6877117901378826
2155000,7,141928,400000,0.010000000000000009,139433.05900406837,0.0022976557095405665,0.6939715912293557
2160000,7,146928,400000,0.010000000000000009,145703.54845237732,0.002299729299306078,0.7002885767178482
2165000,7,151928,400000,0.010000000000000009,150111.05119895935,0.0023014656728240486,0.6974685377283977
2170000,7,156928,400000,0.010000000000000009,154658.13498175144,0.0023023893595890414,0.6953762234910277
2175000,7,161928,400000,0.010000000000000009,159732.62928271294,0.0023027099998689333,0.6956486833654464
2180000,7,166928,400000,0.010000000000000009,163884.65272450447,0.0023014782475643076,0.6921367296079747
2185000,7,171928,400000,0.010000000000000009,167911.74811708927,0.0023058236905223535,0.6882241403378159
2190000,7,176928,400000,0.010000000000000009,172484.21858024597,0.002306899122042364,0.6866126333875927
2195000,7,181928,400000,0.010000000000000009,177449.4493200779,0.0023051496130038415,0.6865902994591266
2200000,7,186928,400000,0.010000000000000009,182037.6665418148,0.002306840365657997,0.6850498587691518
2205000,7,191928,400000,0.010000000000000009,186687.992462039,0.0023056089131375714,0.6838918761202117
2210000,7,196928,400000,0.010000000000000009,191566.50672090054,0.002305509619097594,0.6835239275268118
2215000,7,201928,400000,0.010000000000000009,196666.82757139206,0.0023094352383976535,0.6839616100788399
2220000,7,206928,400000,0.010000000000000009,201374.89268696308,0.0023103273148200607,0.6830395113276115
2225000,7,211928,400000,0.010000000000000009,206126.77806854248,0.002306191213541287,0.682170359744819
2230000,7,216928,400000,0.010000000000000009,211091.50432264805,0.002302323485312179,0.6821664331022275
2235000,7,221928,400000,0.010000000000000009,215892.58639132977,0.002300185116390914,0.6816940629393317
2240000,7,226928,400000,0.010000000000000009,221011.456012249,0.002298095626930273,0.6821899457096524
2245000,7,231928,400000,0.010000000000000009,226143.55738055706,0.0022943064762683788,0.6825135386844193
2250000,7,236928,400000,0.010000000000000009,230734.07609331608,0.0022960634800490115,0.6813673352242031
2255000,7,241928,400000,0.010000000000000009,235494.4812902212,0.0022928024935695095,0.680735590754274
2260000,7,246928,400000,0.010000000000000009,240617.5287169218,0.002290819619422366,0.6811499708417028
2265000,7,251928,400000,0.010000000000000009,245467.6109893322,0.00228700873970388,0.6807857800641454
2270000,7,256928,400000,0.010000000000000009,250044.37680733204,0.002286710226623622,0.6797507472910699
2275000,7,261928,400000,0.010000000000000009,255137.50410735607,0.0022845361368282182,0.6801831037537033
2280000,7,266928,400000,0.010000000000000009,260438.0229138136,0.0022825303592084608,0.6809926272253192
2285000,7,271928,400000,0.010000000000000009,265381.3650535345,0.0022803217365029815,0.680915536465535
2290000,7,276928,400000,0.010000000000000009,270341.67847037315,0.0022773241639618695,0.6809026172868038
2295000,7,281928,400000,0.010000000000000009,275451.82727634907,0.002276365487472991,0.6812377628330638
2300000,7,286928,400000,0.010000000000000009,280260.77445340157,0.002274478428862353,0.6808572185356605
2305000,7,291928,400000,0.010000000000000009,285395.6775839329,0.002278360223809877,0.6811850867337151
2310000,7,296928,400000,0.010000000000000009,290496.2575546503,0.002278664248652281,0.6813941426877896
2315000,7,301928,400000,0.010000000000000009,295609.7143675089,0.002276592350232783,0.6816426432791924
2320000,7,306928,400000,0.010000000000000009,300632.15165388584,0.00227555056035157,0.681602851483084
2325000,7,311928,400000,0.010000000000000009,305456.7004377842,0.002276313164979332,0.6811539842527763
2330000,7,316928,400000,0.010000000000000009,310630.27738392353,0.0022747994114328254,0.6815175686591276
2335000,7,321928,400000,0.010000000000000009,315666.6992367506,0.00227359047393382,0.6815281677890709
2340000,7,326928,400000,0.010000000000000009,320559.3181504011,0.0022716016929267406,0.6812784466304508
2345000,7,331928,400000,0.010000000000000009,325604.7295744419,0.002269443290010187,0.6813555951893182
2350000,8,1416,400000,0.010000000000000009,1575.2365304231644,0.0022048544047247767,0.7838983050847458
2355000,8,6416,400000,0.010000000000000009,6912.380183696747,0.0022913019494985305,0.7660536159600998
2360000,8,11416,400000,0.010000000000000009,11771.865019440651,0.0023317615979878683,0.7338822704975473
2365000,8,16416,400000,0.010000000000000009,17082.797562360764,0.0023093396586213216,0.7406798245614035
2370000,8,21416,400000,0.010000000000000009,22486.654054403305,0.0023295348299803833,0.7439764661935002
2375000,8,26416,400000,0.010000000000000009,26948.793425798416,0.0023681801944288668,0.7231602059357964
2380000,8,31416,400000,0.010000000000000009,31384.579266905785,0.0023545082089033204,0.7081741787624141
2385000,8,36416,400000,0.010000000000000009,35816.7761054039,0.002346384602632975,0.6966168717047452
2390000,8,41416,400000,0.010000000000000009,40415.586718678474,0.0023430108776103117,0.6907958276994398
2395000,8,46416,400000,0.010000000000000009,45058.52690446377,0.0023324242976001004,0.6870906583936573
2400000,8,51416,400000,0.010000000000000009,49565.3175483942,0.0023227342230972745,0.6822195425548467
2405000,8,56416,400000,0.010000000000000009,54310.40689265728,0.0023155701501593254,0.6810124787294385
2410000,8,61416,400000,0.010000000000000009,58813.92224287987,0.002318087113243624,0.6772502279536278
2415000,8,66416,400000,0.010000000000000009,63325.007954478264,0.002316076845499565,0.6742200674536256
2420000,8,71416,400000,0.010000000000000009,67734.49531149864,0.002305461663240558,0.6709280833426683
2425000,8,76416,400000,0.010000000000000009,72499.61657762527,0.002296543095206752,0.6712992043551089
2430000,8,81416,400000,0.010000000000000009,76988.41633760929,0.0022880564317055165,0.6691190920703547
2435000,8,86416,400000,0.010000000000000009,81501.90700125694,0.0022763213168743215,0.6672838363266062
2440000,8,91416,400000,0.010000000000000009,86179.20001769066,0.0022630046530226857,0.666885446748928
2445000,8,96416,400000,0.010000000000000009,91463.87487840652,0.002252674920558458,0.670874128775307
2450000,8,101416,400000,0.010000000000000009,97727.06018435955,0.0022492399224076434,0.6816675869685257
2455000,8,106416,400000,0.010000000000000009,102524.4911248684,0.0022453115786136226,0.6815140580363855
2460000,8,111416,400000,0.010000000000000009,107599.47265589237,0.0022397342503154864,0.682980900409277
2465000,8,116416,400000,0.010000000000000009,112783.23599040508,0.0022378909984489197,0.6850518829026938
2470000,8,121416,400000,0.010000000000000009,117864.55066800117,0.002234298722143098,0.6861863345852276
2475000,8,126416,400000,0.010000000000000009,122959.76794338226,0.0022307836878748353,0.6871677635742311
2480000,8,131416,400000,0.010000000000000009,128047.49142491817,0.002228204748903348,0.6883256224508432
2485000,8,136416,400000,0.010000000000000009,133012.63627958298,0.0022277107070642274,0.6886802134646962
2490000,8,141416,400000,0.010000000000000009,139152.61885225773,0.002226419256102399,0.6948647960626804
2495000,8,146416,400000,0.010000000000000009,145382.80126369,0.002229361048065315,0.7010367719374931
2500000,8,151416,400000,0.010000000000000009,149980.31516897678,0.002225991722862824,0.69901463517726
2505000,8,156416,400000,0.010000000000000009,154514.91563987732,0.0022262537236350604,0.6968021174304418
2510000,8,161416,400000,0.010000000000000009,159513.16243362427,0.002224993204817013,0.6967029290776627
2515000,8,166416,400000,0.010000000000000009,163865.36513876915,0.002223946398817042,0.6940017786751274
2520000,8,171416,400000,0.010000000000000009,167835.33098328114,0.0022220695819338394,0.6897547486815699
2525000,8,176416,400000,0.010000000000000009,172283.2182853222,0.0022198173083140755,0.687613368401959
2530000,8,181416,400000,0.010000000000000009,177248.93208420277,0.00221799458898839,0.6875468536402523
2535000,8,186416,400000,0.010000000000000009,181852.5495634079,0.002217821717903304,0.6860462621234229
2540000,8,191416,400000,0.010000000000000009,186539.81130981445,0.0022171321491344285,0.6849584151795043
2545000,8,196416,400000,0.010000000000000009,191375.89833784103,0.002217472300850837,0.6843892554578038
2550000,8,201416,400000,0.010000000000000009,196536.56198823452,0.0022198479025219093,0.6850001985939548
2555000,8,206416,400000,0.010000000000000009,201209.23835527897,0.002220811134758245,0.6839295403457096
2560000,8,211416,400000,0.010000000000000009,205884.67592930794,0.002222097352805459,0.6828669542513338
2565000,8,216416,400000,0.010000000000000009,210931.96279895306,0.0022202204960895563,0.6831010646162945
2570000,8,221416,400000,0.010000000000000009,215655.74921500683,0.0022198457706815587,0.682367127940167
2575000,8,226416,400000,0.010000000000000009,220799.65686619282,0.0022206444831404815,0.6829552681789273
2580000,8,231416,400000,0.010000000000000009,225965.83272206783,0.0022187037799377084,0.6834142842327238
2585000,8,236416,400000,0.010000000000000009,230593.8595211506,0.0022164956206654285,0.6823649837574445
2590000,8,241416,400000,0.010000000000000009,235268.7165323496,0.0022147171014708154,0.6814958412035657
2595000,8,246416,400000,0.010000000000000009,240359.53293132782,0.002216056368257512,0.6818307252775794
2600000,8,251416,400000,0.010000000000000009,245232.751506567,0.002213928608198386,0.6814482769593025
2605000,8,256416,400000,0.010000000000000009,249796.33116030693,0.002213718222112014,0.6804099588169225
2610000,8,261416,400000,0.010000000000000009,254750.8029512167,0.0022151223509298892,0.680459497505891
2615000,8,266416,400000,0.010000000000000009,260032.3247680664,0.0022144421127166156,0.681227854182932
2620000,8,271416,400000,0.010000000000000009,264990.6290308237,0.002214745975277023,0.6811757597193975
2625000,8,276416,400000,0.010000000000000009,269946.35204422474,0.0022140267586342253,0.6811472563093308
2630000,8,281416,400000,0.010000000000000009,275038.4848386049,0.0022106547906918035,0.681421809705205
2635000,8,286416,400000,0.010000000000000009,279838.56902611256,0.0022111079600267876,0.6810548293391431
2640000,8,291416,400000,0.010000000000000009,284941.31881678104,0.002210932587268708,0.6812975265599692
2645000,8,296416,400000,0.010000000000000009,290033.52822327614,0.0022108929442826533,0.6814780578646227
2650000,8,301416,400000,0.010000000000000009,295173.3549693823,0.0022108830889230355,0.6817886243596889
2655000,8,306416,400000,0.010000000000000009,300333.94031107426,0.002212418833472268,0.6820596835674377
2660000,8,311416,400000,0.010000000000000009,305170.3444957733,0.0022127524534709623,0.6816380661237701
2665000,8,316416,400000,0.010000000000000009,310401.5094989538,0.002212721426618994,0.6820988824838188
2670000,8,321416,400000,0.010000000000000009,315553.528416872,0.0022121074193081056,0.6823524653408667
2675000,8,326416,400000,0.010000000000000009,320439.12930619717,0.002211170464145228,0.6820407087887849
2680000,8,331416,400000,0.010000000000000009,325413.7187939882,0.002212503686687599,0.6819525913051875
2685000,9,904,400000,0.010000000000000009,1022.8105274438858,0.002329748730621799,0.7986725663716814
2690000,9,5904,400000,0.010000000000000009,6441.281532764435,0.002633108861094024,0.7755758807588076
2695000,9,10904,400000,0.010000000000000009,11289.050974607468,0.0028286519657274,0.7373440939104916
2700000,9,15904,400000,0.010000000000000009,16058.922504067421,0.003141491217236257,0.718875754527163
2705000,9,20904,400000,0.010000000000000009,21894.794302344322,0.0033410889056137965,0.742011098354382
2710000,9,25904,400000,0.010000000000000009,26469.986705064774,0.0032639056300221877,0.724289684990735
2715000,9,30904,400000,0.010000000000000009,30825.360987901688,0.0032087417942538825,0.707319440849081
2720000,9,35904,400000,0.010000000000000009,35307.92420601845,0.003166652112891815,0.696969696969697
2725000,9,40904,400000,0.010000000000000009,39862.43372941017,0.003162871194854109,0.6905681595931938
2730000,9,45904,400000,0.010000000000000009,44461.899763941765,0.0031471111759307545,0.6860404322063437
2735000,9,50904,400000,0.010000000000000009,48934.06839168072,0.0031612085964771277,0.6806734244853057
2740000,9,55904,400000,0.010000000000000009,53648.3128824234,0.0031359811849855424,0.6792537206639955
2745000,9,60904,400000,0.010000000000000009,58175.69280457497,0.0031274598093297273,0.675834099566531
2750000,9,65904,400000,0.010000000000000009,62640.55037212372,0.0031590768213916867,0.6724326292789512
2755000,9,70904,400000,0.010000000000000009,66965.92217803001,0.0031418607814876517,0.6683120839444884
2760000,9,75904,400000,0.010000000000000009,71719.80233418941,0.0031370905990330436,0.6687526349072512
2765000,9,80904,400000,0.010000000000000009,76140.77194464207,0.0031359282638590016,0.6661598932067636
2770000,9,85904,400000,0.010000000000000009,80610.9513437748,0.003108781651839856,0.664241478860123
2775000,9,90904,400000,0.010000000000000009,85251.49340951443,0.00308248314558775,0.6636121622810878
2780000,9,95904,400000,0.010000000000000009,90329.82601988316,0.003072404562352742,0.6662808641975309
2785000,9,100904,400000,0.010000000000000009,96728.7704179287,0.0030668696005584496,0.6782486323634346
2790000,9,105904,400000,0.010000000000000009,101571.70351576805,0.0030561913218388782,0.6785484967517752
2795000,9,110904,400000,0.010000000000000009,106671.22343969345,0.0030274160038614504,0.68033614657722
2800000,9,115904,400000,0.010000000000000009,111814.37110209465,0.0030085029672492257,0.6822629072335726
2805000,9,120904,400000,0.010000000000000009,116898.76642990112,0.002993194143889684,0.6835588566135116
2810000,9,125904,400000,0.010000000000000009,121933.31983602047,0.002976523749526358,0.6844421146270174
2815000,9,130904,400000,0.010000000000000009,126988.46482682228,0.0029588944567393296,0.6854870744973416
2820000,9,135904,400000,0.010000000000000009,132056.28297889233,0.002943130414275492,0.686558158700259
2825000,9,140904,400000,0.010000000000000009,137746.9909555912,0.0029308087645753124,0.6905126894907171
2830000,9,145904,400000,0.010000000000000009,144092.91715228558,0.0029257675244972197,0.6974174799868407
2835000,9,150904,400000,0.010000000000000009,148809.14480161667,0.002916493110397192,0.6961246885437099
2840000,9,155904,400000,0.010000000000000009,153258.01351070404,0.0029088282567940405,0.6936255644499179
2845000,9,160904,400000,0.010000000000000009,158128.75892472267,0.0028982379000581757,0.6930281410033312
2850000,9,165904,400000,0.010000000000000009,162712.3989429474,0.0028801139698686386,0.6914601215160575
2855000,9,170904,400000,0.010000000000000009,166648.59416878223,0.002866511739169749,0.6872045124748397
2860000,9,175904,400000,0.010000000000000009,170992.67157876492,0.0028527009675200993,0.6847371293432781
2865000,9,180904,400000,0.010000000000000009,175967.356600523,0.002847587398482549,0.684821783929598
2870000,9,185904,400000,0.010000000000000009,180606.29252159595,0.002840297828068706,0.683497934417764
2875000,9,190904,400000,0.010000000000000009,185286.69398021698,0.0028283942609232835,0.6825001047646985
2880000,9,195904,400000,0.010000000000000009,190073.46283233166,0.0028197303827094938,0.6818543776543613
2885000,9,200904,400000,0.010000000000000009,195177.59668374062,0.0028113565530102614,0.6823408194958787
2890000,9,205904,400000,0.010000000000000009,199912.15566539764,0.0028035136763213332,0.6815069158442769
2895000,9,210904,400000,0.010000000000000009,204564.84651231766,0.0027973420572822666,0.6804422865379509
2900000,9,215904,400000,0.010000000000000009,209580.0168647766,0.002791640305777146,0.6805987846450274
2905000,9,220904,400000,0.010000000000000009,214269.00965058804,0.0027838056834360372,0.6798337739470539
2910000,9,225904,400000,0.010000000000000009,219393.6557583809,0.002775559879493687,0.680412918761952
2915000,9,230904,400000,0.010000000000000009,224560.68141174316,0.002767844326593935,0.6809496587326335
2920000,9,235904,400000,0.010000000000000009,229219.8899357319,0.0027635249237162713,0.6800054259359739
2925000,9,240904,400000,0.010000000000000009,233945.39969944954,0.0027568708730260033,0.6792830339056222
2930000,9,245904,400000,0.010000000000000009,238940.57051980495,0.0027529278331699094,0.6793667447459171
2935000,9,250904,400000,0.010000000000000009,243913.24682617188,0.0027463887411578194,0.6793434939259637
2940000,9,255904,400000,0.010000000000000009,248447.75541603565,0.0027416878580937827,0.6782426222333375
2945000,9,260904,400000,0.010000000000000009,253366.0823545456,0.0027374127317938857,0.6782303069328182
2950000,9,265904,400000,0.010000000000000009,258596.3589642048,0.002730119707887828,0.6789405198868764
2955000,9,270904,400000,0.010000000000000009,263603.29027211666,0.0027254230725004694,0.6790339013082125
2960000,9,275904,400000,0.010000000000000009,268567.1038328409,0.0027185376484816733,0.67904778473672
2965000,9,280904,400000,0.010000000000000009,273650.0416470766,0.002713073827196838,0.6793637684048643
2970000,9,285904,400000,0.010000000000000009,278513.5645992756,0.0027067691975061012,0.6791405506743522
2975000,9,290904,400000,0.010000000000000009,283624.98155999184,0.002700570055761049,0.6794509528916756
2980000,9,295904,400000,0.010000000000000009,288792.8430249691,0.00269384857203794,0.6798184546339353
2985000,9,300904,400000,0.010000000000000009,293832.33795142174,0.0026855824705256126,0.6799244941908382
2990000,9,305904,400000,0.010000000000000009,299067.25049960613,0.00267795604022186,0.6804160782467702
2995000,9,310904,400000,0.010000000000000009,303810.6709045172,0.0026727547465209304,0.6798239971180815
3000000,9,315904,400000,0.010000000000000009,308924.5305367708,0.002668099948133687,0.6800198794570502
3005000,9,320904,400000,0.010000000000000009,314038.6298445463,0.0026638218639816794,0.6802408196843915
3010000,9,325904,400000,0.010000000000000009,318974.0935947895,0.0026572800735652183,0.6800745004663951
3015000,9,330904,400000,0.010000000000000009,323939.7375509739,0.002653401422673278,0.6799827140197762
3020000,10,392,400000,0.010000000000000009,410.07420468330383,0.002726903890570797,0.7423469387755102
3025000,10,5392,400000,0.010000000000000009,5746.21261370182,0.002468872776788553,0.7570474777448071
3030000,10,10392,400000,0.010000000000000009,10588.3890324831,0.002440696182602999,0.7248845265588915
3035000,10,15392,400000,0.010000000000000009,15659.916504621506,0.002569493592053204,0.7242723492723493
3040000,10,20392,400000,0.010000000000000009,21511.720291137695,0.0026158500578055428,0.7476461357395057
3045000,10,25392,400000,0.010000000000000009,26076.817187786102,0.0026150045749334066,0.7279458097038437
3050000,10,30392,400000,0.010000000000000009,30471.347816228867,0.002602618011468638,0.7109765727823112
3055000,10,35392,400000,0.010000000000000009,34922.36763203144,0.002612001831621587,0.6991127938517179
3060000,10,40392,400000,0.010000000000000009,39503.73342370987,0.0026515487653060725,0.6925876411170528
3065000,10,45392,400000,0.010000000000000009,44138.48167145252,0.0026447339009283777,0.6884032428621784
3070000,10,50392,400000,0.010000000000000009,48528.48458528519,0.0026466529600951893,0.6816955072233688
3075000,10,55392,400000,0.010000000000000009,53311.24405992031,0.0026518374500040407,0.6809828134026574
3080000,10,60392,400000,0.010000000000000009,57864.17191541195,0.0026687339066720026,0.6776890978937608
3085000,10,65392,400000,0.010000000000000009,62342.098994255066,0.002677133823895421,0.6743791289454367
3090000,10,70392,400000,0.010000000000000009,66774.09653949738,0.0026891085372245625,0.6710421638822593
3095000,10,75392,400000,0.010000000000000009,71527.17785191536,0.002685927509776301,0.671410759762309
3100000,10,80392,400000,0.010000000000000009,76022.31403887272,0.002675705668926905,0.66922081799184
3105000,10,85392,400000,0.010000000000000009,80466.77749812603,0.0026600403772438046,0.6668891699456624
3110000,10,90392,400000,0.010000000000000009,85079.1912971735,0.002650808398608727,0.6659660146915656
3115000,10,95392,400000,0.010000000000000009,89995.77692317963,0.002649759799172921,0.6672676954042268
3120000,10,100392,400000,0.010000000000000009,96347.83733427525,0.0026494628167037467,0.6789285998884373
3125000,10,105392,400000,0.010000000000000009,101229.9518828392,0.0026538447788434305,0.6794538484894489
3130000,10,110392,400000,0.010000000000000009,106264.8334698677,0.0026550381419116714,0.6809460830494963
3135000,10,115392,400000,0.010000000000000009,111428.24419260025,0.0026557626736061894,0.6829589572933998
3140000,10,120392,400000,0.010000000000000009,116574.86374139786,0.0026560114696625764,0.6845554521895143
3145000,10,125392,400000,0.010000000000000009,121634.53101718426,0.0026621092946442237,0.6855301773637872
3150000,10,130392,400000,0.010000000000000009,126746.23173367977,0.0026837915109981718,0.6867675931038714
3155000,10,135392,400000,0.010000000000000009,131823.17083191872,0.002691930548719385,0.6877880524698653
3160000,10,140392,400000,0.010000000000000009,137332.11333703995,0.002699479182885284,0.6907872243432674
3165000,10,145392,400000,0.010000000000000009,143230.5556921959,0.002724867942176268,0.69562974579069
3170000,10,150392,400000,0.010000000000000009,148214.22753071785,0.0027624257865403925,0.695568913240066
3175000,10,155392,400000,0.010000000000000009,152652.66376900673,0.0028116775306739664,0.6930472611202636
3180000,10,160392,400000,0.010000000000000009,157319.00797748566,0.0028378737692769146,0.6915556885630206
3185000,10,165392,400000,0.010000000000000009,161930.83179581165,0.0028488187840588317,0.6901784850536906
3190000,10,170392,400000,0.010000000000000009,165863.1169217825,0.00285068009085571,0.6859359594347152
3195000,10,175392,400000,0.010000000000000009,170227.84828484058,0.0028613332465712692,0.6835203430031016
3200000,10,180392,400000,0.010000000000000009,175076.31870818138,0.0028816735984810793,0.6831677679719721
3205000,10,185392,400000,0.010000000000000009,179611.73711502552,0.0028985179432449966,0.6815018986795547
3210000,10,190392,400000,0.010000000000000009,184288.6335132122,0.002923364707456118,0.6804960292449262
3215000,10,195392,400000,0.010000000000000009,188970.56180524826,0.0029655966474568135,0.6795518752047167
3220000,10,200392,400000,0.010000000000000009,194079.58183288574,0.0029836201154463857,0.6800970098606731
3225000,10,205392,400000,0.010000000000000009,198842.3093264103,0.0030024131388772042,0.6794178935888447
3230000,10,210392,400000,0.010000000000000009,203420.9938108921,0.0030125055039000917,0.6781484086847409
3235000,10,215392,400000,0.010000000000000009,208417.57560157776,0.0030164336821778236,0.678312100727975
3240000,10,220392,400000,0.010000000000000009,213085.47135663033,0.003028907836117803,0.677506443065084
3245000,10,225392,400000,0.010000000000000009,218154.47512614727,0.003056899114040281,0.6780276141123022
3250000,10,230392,400000,0.010000000000000009,223315.41895997524,0.003091131500195699,0.6786780790999688
3255000,10,235392,400000,0.010000000000000009,227898.67727673054,0.003135109632596691,0.6775039083741163
3260000,10,240392,400000,0.010000000000000009,232452.81472420692,0.003199957621630187,0.6763411428000932
3265000,10,245392,400000,0.010000000000000009,237325.17509162426,0.0032583272391535573,0.6761589619873508
3270000,10,250392,400000,0.010000000000000009,242203.1754642725,0.0033267992121950624,0.6759640883095307
3275000,10,255392,400000,0.010000000000000009,246563.24859797955,0.0033751730432314835,0.6744925447938854
3280000,10,260392,400000,0.010000000000000009,251415.4000980854,0.003415603799794644,0.6743563550339489
3285000,10,265392,400000,0.010000000000000009,256479.74477553368,0.0034410901109297436,0.6747264423946464
3290000,10,270392,400000,0.010000000000000009,261433.10149395466,0.0034832985710517455,0.6747536909376017
3295000,10,275392,400000,0.010000000000000009,266342.71212542057,0.0035302553211432972,0.6747291134092493
3300000,10,280392,400000,0.010000000000000009,271496.4492611885,0.0035622285808243966,0.6752903078547177
3305000,10,285392,400000,0.010000000000000009,276296.44201660156,0.0036121962914042625,0.6749593541514829
3310000,10,290392,400000,0.010000000000000009,281209.64222955704,0.0036495587417719206,0.6748842943331772
3315000,10,295392,400000,0.010000000000000009,286222.0780762434,0.0036988059389239714,0.6749742714765464
3320000,10,300392,400000,0.010000000000000009,291058.7216832638,0.003769330102769669,0.6747483288503022
3325000,10,305392,400000,0.010000000000000009,296211.2276003361,0.0038167607569661636,0.6751683082726463
3330000,10,310392,400000,0.010000000000000009,300816.5652523041,0.003870440530930329,0.6743311683290807
3335000,10,315392,400000,0.010000000000000009,305817.9751507044,0.003899569272941155,0.6744400618912337
3340000,10,320392,400000,0.010000000000000009,310754.91017353535,0.003954955849312152,0.6743863766885565
3345000,10,325392,400000,0.010000000000000009,315498.2251255512,0.004020028246971351,0.6739317500122929
3350000,10,330392,400000,0.010000000000000009,320395.6330164671,0.004088401425930362,0.6737875009080123
3355000,10,335392,400000,0.010000000000000009,325595.37755584717,0.004144800761728469,0.6742766673027383
3360000,11,4880,400000,0.010000000000000009,4925.242700576782,0.008350751183275324,0.7153688524590164
3365000,11,9880,400000,0.010000000000000009,9742.205971598625,0.008602704806223856,0.7011133603238866
3370000,11,14880,400000,0.010000000000000009,13857.091105222702,0.008778669519190487,0.6618951612903226
3375000,11,19880,400000,0.010000000000000009,19007.10935676098,0.009398112548834932,0.6771629778672033
3380000,11,24880,400000,0.010000000000000009,23364.622588396072,0.009144812295129773,0.6657154340836012
3385000,11,29880,400000,0.010000000000000009,27631.632037758827,0.009083232002859092,0.6558567603748326
3390000,11,34880,400000,0.010000000000000009,31916.495995879173,0.009014344925922034,0.6487672018348624
3395000,11,39880,400000,0.010000000000000009,36284.18926644325,0.009119066045422914,0.6448345035105316
3400000,11,44880,400000,0.010000000000000009,40769.424651026726,0.009141647070565874,0.6437388591800357
3405000,11,49880,400000,0.010000000000000009,45060.9418810606,0.009156697088206359,0.6400160384923818
3410000,11,54880,400000,0.010000000000000009,49719.58260881901,0.009129803380114578,0.6416180758017492
3415000,11,59880,400000,0.010000000000000009,54203.094821453094,0.009017764234623327,0.6407147628590515
3420000,11,64880,400000,0.010000000000000009,58595.15516483784,0.009040541978980236,0.6392570900123304
3425000,11,69880,400000,0.010000000000000009,62947.20949053764,0.009070078625996486,0.6376073268460217
3430000,11,74880,400000,0.010000000000000009,67646.61337220669,0.00898827702795744,0.6395699786324787
3435000,11,79880,400000,0.010000000000000009,72005.2251509428,0.008966822008008789,0.6382573860791186
3440000,11,84880,400000,0.010000000000000009,76396.67321360111,0.008761872708004903,0.6373821866163997
3445000,11,89880,400000,0.010000000000000009,80938.50376784801,0.008644487018879125,0.6375055629728527
3450000,11,94880,400000,0.010000000000000009,85645.57105529308,0.008424401592434077,0.6387858347386172
3455000,11,99880,400000,0.010000000000000009,92099.58299124241,0.008249433132356338,0.6526331597917501
3460000,11,104880,400000,0.010000000000000009,97117.53925728798,0.00810880035040462,0.6553489702517162
3465000,11,109880,400000,0.010000000000000009,102048.09158980846,0.007985950193011829,0.6572260647979614
3470000,11,114880,400000,0.010000000000000009,107179.1250551939,0.007895435979445213,0.6600539693593315
3475000,11,119880,400000,0.010000000000000009,112339.74494695663,0.007769772687288469,0.6628128128128128
3480000,11,124880,400000,0.010000000000000009,117287.52418220043,0.007649639213667937,0.664029468289558
3485000,11,129880,400000,0.010000000000000009,122336.4962861538,0.0075719284873415355,0.6657838004311672
3490000,11,134880,400000,0.010000000000000009,127361.02512955666,0.0074593758160725835,0.6673190984578885
3495000,11,139880,400000,0.010000000000000009,132744.3768106699,0.007349381399816093,0.6704389476694309
3500000,11,144880,400000,0.010000000000000009,138982.64384043217,0.007259071716243465,0.6776780784097184
3505000,11,149880,400000,0.010000000000000009,144120.57167303562,0.007158694835238745,0.6790232185748599
3510000,11,154880,400000,0.010000000000000009,148633.9775775671,0.00705995858619915,0.6774147727272727
3515000,11,159880,400000,0.010000000000000009,153333.55221402645,0.006991620483424314,0.6765323992994746
3520000,11,164880,400000,0.010000000000000009,158083.3874924183,0.006905588399920451,0.6761523532265891
3525000,11,169880,400000,0.010000000000000009,162045.7306213379,0.006806440527350994,0.6724511419825759
3530000,11,174880,400000,0.010000000000000009,166182.3333107233,0.006749457495684756,0.669567703568161
3535000,11,179880,400000,0.010000000000000009,171074.24732160568,0.006663118622458151,0.6697965310206805
3540000,11,184880,400000,0.010000000000000009,175610.83663463593,0.006592110272742942,0.6685471657291215
3545000,11,189880,400000,0.010000000000000009,180221.29120397568,0.0065114854493177,0.6676532546871708
3550000,11,194880,400000,0.010000000000000009,184870.2813167572,0.006435205196004393,0.6669027093596059
3555000,11,199880,400000,0.010000000000000009,190011.8041139841,0.006360848954306013,0.6679057434460677
3560000,11,204880,400000,0.010000000000000009,194796.08967328072,0.006293478659787867,0.6676200702850449
3565000,11,209880,400000,0.010000000000000009,199395.19381463528,0.006223516041109464,0.6667286068229464
3570000,11,214880,400000,0.010000000000000009,204374.37194740772,0.006166648123013954,0.6671304914370811
3575000,11,219880,400000,0.010000000000000009,209120.0965732336,0.006104120569080385,0.6667727851555394
3580000,11,224880,400000,0.010000000000000009,214119.7028387785,0.006037416210687584,0.6672847741017431
3585000,11,229880,400000,0.010000000000000009,219237.24519586563,0.005984292733095708,0.6680746476422481
3590000,11,234880,400000,0.010000000000000009,223916.4222420454,0.0059321963100386075,0.6673748297002725
3595000,11,239880,400000,0.010000000000000009,228600.33123505116,0.005876162969025222,0.6668209104552276
3600000,11,244880,400000,0.010000000000000009,233497.6801288128,0.005820481102520303,0.6669144070565175
3605000,11,249880,400000,0.010000000000000009,238434.52789628506,0.005776187600544689,0.6670962061789659
3610000,11,254880,400000,0.010000000000000009,243004.8254686594,0.005729864110856078,0.6663135593220338
3615000,11,259880,400000,0.010000000000000009,247825.08173835278,0.005681647164689063,0.6662844389718332
3620000,11,264880,400000,0.010000000000000009,253026.77181136608,0.005636512622134907,0.6671587133796436
3625000,11,269880,400000,0.010000000000000009,258126.67864000797,0.005589328376263854,0.6676782273603082
3630000,11,274880,400000,0.010000000000000009,263056.6464955807,0.005542425924303134,0.6678477881257275
3635000,11,279880,400000,0.010000000000000009,268175.92972528934,0.005500773827680561,0.6684471916535658
3640000,11,284880,400000,0.010000000000000009,273114.48807156086,0.005455853566196812,0.6685832631283347
3645000,11,289880,400000,0.010000000000000009,278038.9448568821,0.005405769944384268,0.6686456464744032
3650000,11,294880,400000,0.010000000000000009,283156.6843570471,0.005361470711401057,0.6690687737384698
3655000,11,299880,400000,0.010000000000000009,288244.8984473944,0.005314189214727446,0.6695044684540483
3660000,11,304880,400000,0.010000000000000009,293472.40105366707,0.005270554392756468,0.6701587509839937
3665000,11,309880,400000,0.010000000000000009,298258.3589426279,0.005227855282948862,0.6698108945398219
3670000,11,314880,400000,0.010000000000000009,303315.06482470036,0.005186542619219288,0.670067962398374
3675000,11,319880,400000,0.010000000000000009,308490.75113141537,0.005149824688609352,0.6705670876578717
3680000,11,324880,400000,0.010000000000000009,313304.8851746321,0.0051152686656757325,0.6702998030041861
3685000,11,329880,400000,0.010000000000000009,318240.3815088272,0.005083397209549323,0.6703104159088153
3690000,11,334880,400000,0.010000000000000009,323455.60604417324,0.005052543546454694,0.6708910654562829
3695000,12,4368,400000,0.010000000000000009,4340.104880690575,0.0027086874199998114,0.7030677655677655
3700000,12,9368,400000,0.010000000000000009,9505.084867954254,0.0028059489542170924,0.7211784799316823
3705000,12,14368,400000,0.010000000000000009,14254.51764345169,0.0028538715206724457,0.7048301781737194
3710000,12,19368,400000,0.010000000000000009,20073.46450638771,0.0029068378392177905,0.7331681123502685
3715000,12,24368,400000,0.010000000000000009,24754.843442320824,0.0029973709095265887,0.7196733420879843
3720000,12,29368,400000,0.010000000000000009,29167.890015125275,0.003028700122883902,0.7038613456823754
3725000,12,34368,400000,0.010000000000000009,33625.21277022362,0.00299318287025982,0.6929993016759777
3730000,12,39368,400000,0.010000000000000009,38045.11590909958,0.0029961713160622325,0.6843375330217435
3735000,12,44368,400000,0.010000000000000009,42771.75203502178,0.002963020295793399,0.6823386224305806
3740000,12,49368,400000,0.010000000000000009,47146.61274600029,0.002952433844211931,0.6760046994004213
3745000,12,54368,400000,0.010000000000000009,51852.08125627041,0.002940097602349091,0.6749558563861094
3750000,12,59368,400000,0.010000000000000009,56434.96251702309,0.002936097604740535,0.6721971432421506
3755000,12,64368,400000,0.010000000000000009,60852.22860562801,0.0029188243777245777,0.6685930897340293
3760000,12,69368,400000,0.010000000000000009,65335.597626686096,0.0029189040444812407,0.6660419790104948
3765000,12,74368,400000,0.010000000000000009,70076.12467300892,0.002909984461366517,0.6666442555938038
3770000,12,79368,400000,0.010000000000000009,74546.96570694447,0.00287811467057795,0.6645751436347143
3775000,12,84368,400000,0.010000000000000009,78918.98853182793,0.002863564546747886,0.661992698653518
3780000,12,89368,400000,0.010000000000000009,83531.94081509113,0.0028361367187623703,0.6613441052725808
3785000,12,94368,400000,0.010000000000000009,88179.1176700592,0.002808814232073258,0.6609337911156324
3790000,12,99368,400000,0.010000000000000009,94560.94024145603,0.0027895418234106613,0.6733354802350857
3795000,12,104368,400000,0.010000000000000009,99784.94748020172,0.0027816913304695282,0.6763567376973785
3800000,12,109368,400000,0.010000000000000009,104661.75308179855,0.002781365169498726,0.676998756491844
3805000,12,114368,400000,0.010000000000000009,109721.87565362453,0.002765037236198848,0.678511471740347
3810000,12,119368,400000,0.010000000000000009,114970.5283690691,0.002747421963798886,0.6809530192346358
3815000,12,124368,400000,0.010000000000000009,119952.25648510456,0.002737326657094482,0.6815740383378361
3820000,12,129368,400000,0.010000000000000009,125061.25332796574,0.0027267596213854045,0.6829741512584255
3825000,12,134368,400000,0.010000000000000009,130165.35551345348,0.0027120971036451954,0.6842700643010241
3830000,12,139368,400000,0.010000000000000009,135717.9602060318,0.0026980202219638104,0.6875896906032949
3835000,12,144368,400000,0.010000000000000009,141916.29542970657,0.002688424926209567,0.6940526986589826
3840000,12,149368,400000,0.010000000000000009,147441.5700367689,0.0026825443990279147,0.6966686304964919
3845000,12,154368,400000,0.010000000000000009,151916.13596332073,0.002676955861947645,0.6943019278606966
3850000,12,159368,400000,0.010000000000000009,156573.03836405277,0.0026691614112324177,0.6927300336328498
3855000,12,164368,400000,0.010000000000000009,161490.25081515312,0.002661517044063847,0.6925618125182518
3860000,12,169368,400000,0.010000000000000009,165397.27656066418,0.0026533611628892727,0.6881524254876954
3865000,12,174368,400000,0.010000000000000009,169667.81840145588,0.0026476584237367803,0.6853493760322995
3870000,12,179368,400000,0.010000000000000009,174510.24980652332,0.0026387645601219168,0.6848992016413185
3875000,12,184368,400000,0.010000000000000009,179300.96306419373,0.002631216363486798,0.6841317365269461
3880000,12,189368,400000,0.010000000000000009,183916.63478684425,0.00262462887690588,0.6828239195640234
3885000,12,194368,400000,0.010000000000000009,188562.50316774845,0.002614633355649679,0.6817480243661508
3890000,12,199368,400000,0.010000000000000009,193628.5929415226,0.0026082831393880353,0.6821054532322138
3895000,12,204368,400000,0.010000000000000009,198534.94120287895,0.002601298972287972,0.6818826822203085
3900000,12,209368,400000,0.010000000000000009,203120.33870387077,0.002595530504144136,0.6806245462534867
3905000,12,214368,400000,0.010000000000000009,208100.70712792873,0.002586834707582521,0.6806379683534856
3910000,12,219368,400000,0.010000000000000009,212959.9965929985,0.002580365013940038,0.6803271215491776
3915000,12,224368,400000,0.010000000000000009,217917.07667386532,0.002574591244365829,0.6803911431220139
3920000,12,229368,400000,0.010000000000000009,223127.67008841038,0.002569866704201724,0.6811979003173939
3925000,12,234368,400000,0.010000000000000009,227947.59424090385,0.002567011451821663,0.680600593937739
3930000,12,239368,400000,0.010000000000000009,232678.96103036404,0.0025624035726773665,0.6799363323418335
3935000,12,244368,400000,0.010000000000000009,237595.92151331902,0.002554229112666927,0.6798353303214824
3940000,12,249368,400000,0.010000000000000009,242652.08086931705,0.0025485106480230453,0.6800591896313881
3945000,12,254368,400000,0.010000000000000009,247165.66383767128,0.002542778355022211,0.6788589759718203
3950000,12,259368,400000,0.010000000000000009,251890.58091199398,0.0025372139547004116,0.6783219209771444
3955000,12,264368,400000,0.010000000000000009,257149.1330229044,0.0025325743380354474,0.6791480058100829
3960000,12,269368,400000,0.010000000000000009,262319.6107516289,0.0025268713189835527,0.6796427192539574
3965000,12,274368,400000,0.010000000000000009,267237.2682441473,0.0025248338536436204,0.679550822253324
3970000,12,279368,400000,0.010000000000000009,272397.68894672394,0.002520611300884871,0.680031356490364
3975000,12,284368,400000,0.010000000000000009,277333.4508655071,0.002518433316702147,0.6799569571822427
3980000,12,289368,400000,0.010000000000000009,282197.3849167824,0.002514199243545417,0.6797123386138066
3985000,12,294368,400000,0.010000000000000009,287366.8680138588,0.0025096131194842965,0.6800841124035221
3990000,12,299368,400000,0.010000000000000009,292463.5089020729,0.0025047145632346017,0.6802998316453328
3995000,12,304368,400000,0.010000000000000009,297729.3756104708,0.0025002634209168565,0.6809060085160069
4000000,12,309368,400000,0.010000000000000009,302618.1177289486,0.002496314272573785,0.680603682345944
4005000,12,314368,400000,0.010000000000000009,307679.51777279377,0.0024909915589408716,0.6806799674267101
4010000,12,319368,400000,0.010000000000000009,312900.83668863773,0.0024866792741106633,0.6811452618922371
4015000,12,324368,400000,0.010000000000000009,317736.96323502064,0.002483412035360179,0.6807422433778918
4020000,12,329368,400000,0.010000000000000009,322710.6757838726,0.0024796132786767226,0.6807157950984917
4025000,12,334368,400000,0.010000000000000009,327944.37099123,0.002475615335570475,0.6811746339362619
4026144,12,335512,400000,0.010000000000000009,329158.6930909157,0.0024751696435563538,0.6813129822867209
