global_step,episode,episode_inner_step,buffer_size,epsilon,episode_reward_so_far,episode_avg_loss_so_far
5000,1,5000,5000,0.9970453671641791,3168.7536388635635,45.06678039283752
10000,1,10000,10000,0.9940901432835821,6310.184166908264,23.88702878281623
15000,1,15000,15000,0.991134919402985,9324.557539463043,15.998125121429563
20000,1,20000,20000,0.988179695522388,12657.024204134941,12.162894787352531
25000,1,25000,25000,0.985224471641791,15297.961649537086,9.798061527396813
30000,1,30000,30000,0.9822692477611941,17668.847162246704,8.201206283864565
35000,1,35000,35000,0.9793140238805971,20055.707780718803,7.052322330168635
40000,1,40000,40000,0.9763588,22349.77301120758,6.1850815424483505
45000,1,45000,45000,0.973403576119403,24701.421993255615,5.508603947650807
50000,1,50000,50000,0.970448352238806,27093.439906477928,4.967020297435112
55000,1,55000,55000,0.967493128358209,29443.131382226944,4.522023392893805
60000,1,60000,60000,0.9645379044776119,31881.484998464584,4.149628657643136
65000,1,65000,65000,0.9615826805970149,34272.885112285614,3.8342464582388254
70000,1,70000,70000,0.9586274567164179,36751.42160093784,3.5630481172413764
75000,1,75000,75000,0.9556722328358209,39141.403901815414,3.327951430885374
80000,1,80000,80000,0.9527170089552239,41479.712565779686,3.1220697460752156
85000,1,85000,85000,0.9497617850746268,43931.503323197365,2.9403290483687043
90000,1,90000,90000,0.9468065611940298,46369.485966563225,2.7785100284350537
95000,1,95000,95000,0.9438513373134328,48901.78755223751,2.633590700471781
100000,1,100000,100000,0.9408961134328359,54408.84196126461,2.503080685269231
105000,1,105000,105000,0.9379408895522388,57234.50780558586,2.385065794350959
110000,1,110000,110000,0.9349856656716418,59643.102772951126,2.277446019077491
115000,1,115000,115000,0.9320304417910448,62060.245626330376,2.1795997985935838
120000,1,120000,120000,0.9290752179104478,64598.049031972885,2.0900305865582474
125000,1,125000,125000,0.9261199940298508,67055.19513320923,2.007406608843611
130000,1,130000,130000,0.9231647701492537,69572.0545977354,1.9308390088414562
135000,1,135000,135000,0.9202095462686567,72033.91305696964,1.859787387350853
140000,1,140000,140000,0.9172543223880597,76208.87692272663,1.7937586428492442
145000,1,145000,145000,0.9142990985074627,80137.91148233414,1.7326124267411096
150000,1,150000,150000,0.9113438746268657,83621.18396735191,1.6752998908032037
155000,1,155000,155000,0.9083886507462686,86277.80705869198,1.6215889603462799
160000,1,160000,160000,0.9054334268656716,88923.62086224556,1.571274547458237
165000,1,165000,165000,0.9024782029850746,91623.88741505146,1.5238907955928476
170000,1,170000,170000,0.8995229791044776,94196.2584373951,1.4793024996421458
175000,1,175000,175000,0.8965677552238807,96763.51424121857,1.4372304527280497
180000,1,180000,180000,0.8936125313432836,99395.12629294395,1.3975098447141832
185000,1,185000,185000,0.8906573074626866,101938.10678315163,1.3599266655790339
190000,1,190000,190000,0.8877020835820896,104565.14856159687,1.324349097938797
195000,1,195000,195000,0.8847468597014926,107162.53946518898,1.2905564812528578
200000,1,200000,200000,0.8817916358208955,109932.15505933762,1.2584519315802543
205000,1,205000,205000,0.8788364119402985,112563.23237621784,1.227905397223062
210000,1,210000,210000,0.8758811880597015,115129.70167422295,1.1988124103063158
215000,1,215000,215000,0.8729259641791045,117750.89315915108,1.1710656798207633
220000,1,220000,220000,0.8699707402985075,120374.18909013271,1.1445896271459441
225000,1,225000,225000,0.8670155164179105,123098.87894070148,1.1192750419770243
230000,1,230000,230000,0.8640602925373134,125857.24379718304,1.0950518355814238
235000,1,235000,235000,0.8611050686567164,128600.18914413452,1.0718401730061802
240000,1,240000,240000,0.8581498447761194,131254.43027734756,1.0495937393764572
245000,1,245000,245000,0.8551946208955223,133977.10410511494,1.0282565946331188
250000,1,250000,250000,0.8522393970149253,136709.33575034142,1.0077661587184117
255000,1,255000,255000,0.8492841731343284,139376.11431336403,0.9880894170241572
260000,1,260000,260000,0.8463289492537314,142120.7032982111,0.9691491807002093
265000,1,265000,265000,0.8433737253731344,145066.85511994362,0.9509257739930692
270000,1,270000,270000,0.8404185014925374,147826.43661201,0.9333645602530959
275000,1,275000,275000,0.8374632776119403,150559.1509977579,0.9164395527130882
280000,1,280000,280000,0.8345080537313433,153294.7524895668,0.9001174918195016
285000,1,285000,285000,0.8315528298507463,156153.1764008999,0.8843714318969936
290000,1,290000,290000,0.8285976059701492,158988.50722301006,0.869171899308083
295000,1,295000,295000,0.8256423820895522,161886.17224740982,0.8544855387048617
300000,1,300000,300000,0.8226871582089552,164681.44504737854,0.8402859563563659
305000,1,305000,305000,0.8197319343283582,167490.04309630394,0.8265518997830936
310000,1,310000,310000,0.8167767104477612,170304.78926801682,0.8132592648528809
315000,1,315000,315000,0.8138214865671642,173083.53228986263,0.80038807890871
320000,1,320000,320000,0.8108662626865671,175870.8991701603,0.7879203432010711
325000,1,325000,325000,0.8079110388059701,178679.81710529327,0.7758359151129876
330000,1,330000,330000,0.8049558149253732,181561.353749156,0.7641211923951661
335000,1,335000,335000,0.8020005910447761,184492.37617492676,0.7527579334126382
340000,2,4488,340000,0.7990453671641791,3269.6661701202393,0.0023775232649652523
345000,2,9488,345000,0.7960901432835821,6744.12217438221,0.0023933646818054123
350000,2,14488,350000,0.7931349194029851,9946.091796159744,0.002457765282442633
355000,2,19488,355000,0.7901796955223881,13797.782543301582,0.0024686655769938387
360000,2,24488,360000,0.7872244716417911,16864.665259957314,0.0024991945291900756
365000,2,29488,365000,0.7842692477611941,19612.979994654655,0.002519717985703964
370000,2,34488,370000,0.781314023880597,22336.985224604607,0.0025606794680654364
375000,2,39488,375000,0.7783588,25022.63516998291,0.0025504226297802103
380000,2,44488,380000,0.775403576119403,27800.24784743786,0.0025804758148578926
385000,2,49488,385000,0.7724483522388059,30551.485984921455,0.0025898054069124856
390000,2,54488,390000,0.7694931283582089,33408.412986159325,0.002620501146548986
395000,2,59488,395000,0.7665379044776119,36280.68147468567,0.002644329440300984
400000,2,64488,400000,0.763582680597015,38982.028599500656,0.002656634797389469
405000,2,69488,400000,0.760627456716418,41811.456673145294,0.002667645369730735
410000,2,74488,400000,0.757672232835821,44718.22445690632,0.002689922024212982
415000,2,79488,400000,0.7547170089552239,47490.30916309357,0.0027077189069719437
420000,2,84488,400000,0.7517617850746269,50283.46066260338,0.0026993348656167812
425000,2,89488,400000,0.7488065611940298,53026.23738908768,0.0026742422367890535
430000,2,94488,400000,0.7458513373134328,55915.090010643005,0.0026426816521225647
435000,2,99488,400000,0.7428961134328358,61476.51932144165,0.002619810527287529
440000,2,104488,400000,0.7399408895522388,65076.7232568264,0.00261331555973005
445000,2,109488,400000,0.7369856656716418,68005.7516566515,0.0026085362202780855
450000,2,114488,400000,0.7340304417910448,70959.58242082596,0.002605219279107292
455000,2,119488,400000,0.7310752179104478,74063.10207819939,0.002599459935446157
460000,2,124488,400000,0.7281199940298508,77042.03752589226,0.002589310538782512
465000,2,129488,400000,0.7251647701492537,80043.36608016491,0.0025772333471720888
470000,2,134488,400000,0.7222095462686567,83183.38273334503,0.0025684575025933898
475000,2,139488,400000,0.7192543223880598,87347.17834150791,0.002567274337978863
480000,2,144488,400000,0.7162990985074627,91563.66916024685,0.002563976453175593
485000,2,149488,400000,0.7133438746268657,95677.21205127239,0.0025730517121326296
490000,2,154488,400000,0.7103886507462687,98666.94171881676,0.002596801765871384
495000,2,159488,400000,0.7074334268656717,101656.26361954212,0.0026102447333714606
500000,2,164488,400000,0.7044782029850747,104866.98670423031,0.002631724603345682
505000,2,169488,400000,0.7015229791044777,107633.9498693943,0.0026561273329828764
510000,2,174488,400000,0.6985677552238806,110494.47956240177,0.0026748942517449007
515000,2,179488,400000,0.6956125313432836,113508.78325712681,0.0027013878840196097
520000,2,184488,400000,0.6926573074626866,116454.44210910797,0.002751647964482358
525000,2,189488,400000,0.6897020835820895,119389.88235163689,0.0028146978390291297
530000,2,194488,400000,0.6867468597014925,122473.30420017242,0.0028578619799634578
535000,2,199488,400000,0.6837916358208955,125554.84787678719,0.002897076944600033
540000,2,204488,400000,0.6808364119402985,128569.93587267399,0.0029467417577553156
545000,2,209488,400000,0.6778811880597015,131560.84277427197,0.002969091484677009
550000,2,214488,400000,0.6749259641791046,134607.10098314285,0.002983690524505199
555000,2,219488,400000,0.6719707402985075,137651.44238865376,0.0029873384151179643
560000,2,224488,400000,0.6690155164179105,140908.43390655518,0.0029870243287846003
565000,2,229488,400000,0.6660602925373135,144131.3643541336,0.0029929364582973526
570000,2,234488,400000,0.6631050686567164,147134.49364423752,0.0029909712460384702
575000,2,239488,400000,0.6601498447761194,150258.72768747807,0.0029784958644094896
580000,2,244488,400000,0.6571946208955224,153533.63222813606,0.002975256841521164
585000,2,249488,400000,0.6542393970149254,156710.22646546364,0.0029719219559613567
590000,2,254488,400000,0.6512841731343284,159792.32016587257,0.0029716590112708464
595000,2,259488,400000,0.6483289492537314,162996.13900971413,0.002968255805420337
600000,2,264488,400000,0.6453737253731343,166319.53475797176,0.0029623742990564986
605000,2,269488,400000,0.6424185014925373,169498.50569081306,0.0029555800000885496
610000,2,274488,400000,0.6394632776119403,172683.196936965,0.002951485235236164
615000,2,279488,400000,0.6365080537313432,176001.2071698904,0.002947869993087822
620000,2,284488,400000,0.6335528298507462,179101.54033398628,0.0029432598844761604
625000,2,289488,400000,0.6305976059701492,182249.17323958874,0.0029374350890798728
630000,2,294488,400000,0.6276423820895523,185547.72316992283,0.002925216343358677
635000,2,299488,400000,0.6246871582089553,188828.06006073952,0.002914169427702542
640000,2,304488,400000,0.6217319343283583,192160.39729738235,0.0029025339515824857
645000,2,309488,400000,0.6187767104477612,195264.38112080097,0.002892392771933056
650000,2,314488,400000,0.6158214865671642,198463.85848629475,0.0028846239804638098
655000,2,319488,400000,0.6128662626865672,201665.5670017004,0.002875038230232263
660000,2,324488,400000,0.6099110388059701,204848.8997042179,0.0028643581695923896
665000,2,329488,400000,0.6069558149253731,208149.42248034477,0.002851233419048363
670000,2,334488,400000,0.6040005910447761,211443.96909439564,0.002838222085541209
675000,3,3976,400000,0.6010453671641791,3220.630934715271,0.0020895958897863584
680000,3,8976,400000,0.5980901432835821,7193.835293412209,0.002155798986981002
685000,3,13976,400000,0.5951349194029851,10699.498373031616,0.0021412999400740136
690000,3,18976,400000,0.592179695522388,15158.846547722816,0.002195836219921861
695000,3,23976,400000,0.589224471641791,18664.877774953842,0.0021818797447683952
700000,3,28976,400000,0.586269247761194,21837.005977630615,0.0021922167144367505
705000,3,33976,400000,0.5833140238805969,24949.22856593132,0.00216468150121643
710000,3,38976,400000,0.5803588,27954.06092774868,0.0021740725981937298
715000,3,43976,400000,0.577403576119403,31105.602031826973,0.0022009725460415486
720000,3,48976,400000,0.574448352238806,34217.87226676941,0.002228723990717383
725000,3,53976,400000,0.571493128358209,37457.02628540993,0.0022521537981155743
730000,3,58976,400000,0.568537904477612,40773.28664517403,0.0022795445385196656
735000,3,63976,400000,0.5655826805970149,43929.25305736065,0.002291983242956905
740000,3,68976,400000,0.5626274567164179,46998.73458313942,0.002299321942245919
745000,3,73976,400000,0.5596722328358209,50301.04055142403,0.0023070039161457935
750000,3,78976,400000,0.5567170089552238,53567.7588146925,0.002300874329622854
755000,3,83976,400000,0.5537617850746268,56754.030432105064,0.0023165271607680786
760000,3,88976,400000,0.5508065611940298,59951.78465926647,0.0023022958384276418
765000,3,93976,400000,0.5478513373134328,63261.429294109344,0.0022957146422789613
770000,3,98976,400000,0.5448961134328358,68648.75244140625,0.0022944531109968937
775000,3,103976,400000,0.5419408895522388,72970.15174853802,0.0022950377129546326
780000,3,108976,400000,0.5389856656716419,76263.418248415,0.0022882846040855704
785000,3,113976,400000,0.5360304417910449,79684.96311557293,0.002279988001470671
790000,3,118976,400000,0.5330752179104479,83243.11709058285,0.002271885654730264
795000,3,123976,400000,0.5301199940298508,86632.79762732983,0.0022694764966731443
800000,3,128976,400000,0.5271647701492538,90091.07237493992,0.0022705960268797625
805000,3,133976,400000,0.5242095462686567,93649.00666356087,0.0022718145767961586
810000,3,138976,400000,0.5212543223880597,97883.47784280777,0.0022749701392831717
815000,3,143976,400000,0.5182990985074627,102665.50265324116,0.002280664494225138
820000,3,148976,400000,0.5153438746268657,107208.46930336952,0.0022880640683896115
825000,3,153976,400000,0.5123886507462687,110534.50478374958,0.0022969698566351346
830000,3,158976,400000,0.5094334268656717,113903.26291239262,0.002306281729480491
835000,3,163976,400000,0.5064782029850747,117594.2220158577,0.0023221113636323763
840000,3,168976,400000,0.5035229791044777,120674.76575124264,0.002326125506915067
845000,3,173976,400000,0.5005677552238806,123963.12123835087,0.0023317547830862826
850000,3,178976,400000,0.49761253134328354,127374.3614114523,0.002332115596282817
855000,3,183976,400000,0.49465730746268655,130603.97005546093,0.0023382618768727505
860000,3,188976,400000,0.49170208358208956,133906.36917722225,0.0023453207042675736
865000,3,193976,400000,0.48874685970149256,137289.22205650806,0.002351730081028191
870000,3,198976,400000,0.48579163582089546,140891.47878360748,0.002352248247093381
875000,3,203976,400000,0.48283641194029847,144379.36050391197,0.002353491160148682
880000,3,208976,400000,0.4798811880597015,147802.49762046337,0.002349430788539958
885000,3,213976,400000,0.4769259641791045,151331.0858641863,0.002345581829425417
890000,3,218976,400000,0.4739707402985074,154735.59479880333,0.0023353862045544676
895000,3,223976,400000,0.4710155164179105,158258.48924183846,0.0023304951927007925
900000,3,228976,400000,0.4680602925373134,161947.62691915035,0.0023228053175114428
905000,3,233976,400000,0.4651050686567164,165375.23137879372,0.0023198963687765775
910000,3,238976,400000,0.4621498447761193,168756.18187701702,0.0023164322071394113
915000,3,243976,400000,0.45919462089552243,172104.7653220892,0.002315546176775079
920000,3,248976,400000,0.45623939701492533,175759.87998199463,0.0023136362750529873
925000,3,253976,400000,0.45328417313432834,179056.0072091818,0.0023120653116476013
930000,3,258976,400000,0.45032894925373135,182432.3942347765,0.0023093090343781226
935000,3,263976,400000,0.44737372537313436,186238.77761781216,0.0023089411138130333
940000,3,268976,400000,0.44441850149253725,189966.41621816158,0.0023067449863220534
945000,3,273976,400000,0.44146327761194026,193508.96627485752,0.0023078144847072423
950000,3,278976,400000,0.4385080537313434,197226.29168891907,0.002306567876484392
955000,3,283976,400000,0.4355528298507463,200831.4828647375,0.0023044476426621802
960000,3,288976,400000,0.4325976059701493,204267.73890578747,0.002301001935218776
965000,3,293976,400000,0.4296423820895522,207904.5863944292,0.0022981285988297167
970000,3,298976,400000,0.4266871582089553,211561.56042158604,0.002293736126013221
975000,3,303976,400000,0.4237319343283582,215264.11004698277,0.0022938197055783617
980000,3,308976,400000,0.4207767104477612,218863.34236872196,0.0022919421451876366
985000,3,313976,400000,0.4178214865671642,222636.37869477272,0.002290746415192417
990000,3,318976,400000,0.41486626268656723,226245.68185186386,0.0022953028970585988
995000,3,323976,400000,0.41191103880597013,229734.65068399906,0.002297251920882767
1000000,3,328976,400000,0.40895581492537314,233169.81064724922,0.0022987637401926447
1005000,3,333976,400000,0.40600059104477615,237009.5813845396,0.002297553273523885
1010000,4,3464,400000,0.40304536716417916,3106.75934445858,0.0022278119963409612
1015000,4,8464,400000,0.40009014328358206,7432.606960654259,0.002387849087933915
1020000,4,13464,400000,0.3971349194029852,11561.564994215965,0.0024348244924096594
1025000,4,18464,400000,0.3941796955223881,16319.805792093277,0.0024706257867572975
1030000,4,23464,400000,0.3912244716417911,20255.35116326809,0.002467893744739622
1035000,4,28464,400000,0.388269247761194,23837.61049091816,0.002427484046639692
1040000,4,33464,400000,0.3853140238805971,27064.745740771294,0.0024214197559923514
1045000,4,38464,400000,0.3823588,30546.85171997547,0.002435372862179767
1050000,4,43464,400000,0.379403576119403,34176.24894416332,0.0024155600692086967
1055000,4,48464,400000,0.3764483522388059,37652.29012858868,0.002425884015200873
1060000,4,53464,400000,0.373493128358209,41280.31420087814,0.002420003695027878
1065000,4,58464,400000,0.3705379044776119,44925.50397634506,0.002405756013712431
1070000,4,63464,400000,0.36758268059701493,48335.745901465416,0.002394983743607884
1075000,4,68464,400000,0.36462745671641794,51934.06026303768,0.0023757176276673767
1080000,4,73464,400000,0.36167223283582095,55650.72178924084,0.002350734645839148
1085000,4,78464,400000,0.35871700895522385,59370.6323261261,0.0023253328947951783
1090000,4,83464,400000,0.35576178507462686,63011.03419351578,0.0023047691129550623
1095000,4,88464,400000,0.35280656119402987,66594.57520854473,0.002280456608497222
1100000,4,93464,400000,0.3498513373134329,70270.88109505177,0.0022529168936432347
1105000,4,98464,400000,0.3468961134328358,75583.50871515274,0.002238602748720764
1110000,4,103464,400000,0.3439408895522389,80495.74520993233,0.0022196498758408406
1115000,4,108464,400000,0.3409856656716418,84203.2482123375,0.0022038403846645345
1120000,4,113464,400000,0.3380304417910448,88182.8241622448,0.0021869810139817873
1125000,4,118464,400000,0.3350752179104477,92199.94802057743,0.002178095504482944
1130000,4,123464,400000,0.3321199940298508,96065.01625847816,0.0021768779629757575
1135000,4,128464,400000,0.3291647701492537,99919.960257411,0.002173985465764814
1140000,4,133464,400000,0.3262095462686567,103944.10562348366,0.0021729155364860245
1145000,4,138464,400000,0.3232543223880596,108345.78671014309,0.0021732688220475536
1150000,4,143464,400000,0.32029909850746274,113715.72901403904,0.0021751997645480903
1155000,4,148464,400000,0.31734387462686564,118686.80610775948,0.0021826543783042113
1160000,4,153464,400000,0.31438865074626865,122143.72490477562,0.0021940980927185774
1165000,4,158464,400000,0.31143342686567166,125766.72131705284,0.0022012066575721563
1170000,4,163464,400000,0.30847820298507467,129834.92720627785,0.0022107561952998353
1175000,4,168464,400000,0.30552297910447757,133205.14402782917,0.0022238424565798644
1180000,4,173464,400000,0.3025677552238806,136602.62251389027,0.0022376698409711125
1185000,4,178464,400000,0.2996125313432836,140333.84555768967,0.0022491493704616455
1190000,4,183464,400000,0.2966573074626866,144115.47518634796,0.002257504148094442
1195000,4,188464,400000,0.2937020835820895,147816.96232235432,0.002267573229715108
1200000,4,193464,400000,0.2907468597014926,151544.35297465324,0.00227276085110382
1205000,4,198464,400000,0.2877916358208955,155602.47872197628,0.0022815890389835253
1210000,4,203464,400000,0.2848364119402985,159557.66105139256,0.0022897745367484188
1215000,4,208464,400000,0.2818811880597014,163332.72447633743,0.0022946228314931418
1220000,4,213464,400000,0.27892596417910454,167237.0473101139,0.0023018694343430817
1225000,4,218464,400000,0.27597074029850743,171062.19129621983,0.002306603929463641
1230000,4,223464,400000,0.27301551641791044,174978.5323342085,0.0023132997314083883
1235000,4,228464,400000,0.27006029253731334,179058.9742783308,0.0023208482418748053
1240000,4,233464,400000,0.26710506865671646,182954.94743084908,0.0023214848413582183
1245000,4,238464,400000,0.26414984477611936,186703.27077019215,0.002320957873281692
1250000,4,243464,400000,0.26119462089552237,190665.26417708397,0.0023224524101522893
1255000,4,248464,400000,0.2582393970149254,194692.35777497292,0.0023218056889578453
1260000,4,253464,400000,0.2552841731343284,198448.28635442257,0.0023212320980873246
1265000,4,258464,400000,0.2523289492537313,202191.20058918,0.0023244105108439473
1270000,4,263464,400000,0.2493737253731343,206376.42926216125,0.0023263704022902154
1275000,4,268464,400000,0.2464185014925373,210472.53753638268,0.002326745653590316
1280000,4,273464,400000,0.2434632776119403,214485.2518759966,0.002325669417615759
1285000,4,278464,400000,0.24050805373134332,218566.3447393179,0.0023254184430957967
1290000,4,283464,400000,0.23755282985074633,222640.7824242115,0.002327620591794799
1295000,4,288464,400000,0.23459760597014934,226435.91740322113,0.0023286875898421394
1300000,4,293464,400000,0.23164238208955223,230596.2307600975,0.0023297387447727873
1305000,4,298464,400000,0.22868715820895524,234141.13366293907,0.00233197928367848
1310000,4,303464,400000,0.22573193432835825,237906.40970301628,0.002334326451659568
1315000,4,308464,400000,0.22277671044776126,241831.52682495117,0.0023307471174430962
1320000,4,313464,400000,0.21982148656716416,245799.97444736958,0.002325802897803879
1325000,4,318464,400000,0.21686626268656717,250041.9259109497,0.0023195164241610437
1330000,4,323464,400000,0.21391103880597018,254068.42339801788,0.0023130399567679438
1335000,4,328464,400000,0.2109558149253732,257897.5113130808,0.0023101349100268296
1340000,4,333464,400000,0.20800059104477608,262222.42677497864,0.002305424828918537
1345000,5,2952,400000,0.2050453671641792,2872.1150292158127,0.002030946970137239
1350000,5,7952,400000,0.2020901432835821,7889.801069617271,0.002022118873696168
1355000,5,12952,400000,0.1991349194029851,12453.36443221569,0.0021038493297297657
1360000,5,17952,400000,0.196179695522388,17646.930194616318,0.0021445814559204576
1365000,5,22952,400000,0.19322447164179113,22273.406531333923,0.002149378980469806
1370000,5,27952,400000,0.19026924776119403,26240.937190055847,0.002113652745221956
1375000,5,32952,400000,0.18731402388059704,30036.25143301487,0.0021115658693997433
1380000,5,37952,400000,0.18435880000000004,33851.266577243805,0.002126364816561549
1385000,5,42952,400000,0.18140357611940305,37816.35462188721,0.0021205555293741783
1390000,5,47952,400000,0.17844835223880595,41689.8781080246,0.002131967777040305
1395000,5,52952,400000,0.17549312835820896,45644.504799366,0.002155289025728779
1400000,5,57952,400000,0.17253790447761197,49774.89156138897,0.002178089182711539
1405000,5,62952,400000,0.16958268059701498,53569.689027905464,0.002201290176422644
1410000,5,67952,400000,0.16662745671641788,57471.556379795074,0.0022147654646386774
1415000,5,72952,400000,0.16367223283582089,61487.468381643295,0.0022054528309645638
1420000,5,77952,400000,0.1607170089552239,65627.6851092577,0.002206594561394222
1425000,5,82952,400000,0.1577617850746269,69592.26386201382,0.0021917041214524055
1430000,5,87952,400000,0.1548065611940298,73658.68967676163,0.002169943719875907
1435000,5,92952,400000,0.15185133731343292,77865.78668260574,0.002148454979531379
1440000,5,97952,400000,0.14889611343283582,83393.27291715145,0.0021348913059867037
1445000,5,102952,400000,0.14594088955223883,88892.02458667755,0.002124834622154521
1450000,5,107952,400000,0.14298566567164173,93144.32779347897,0.0021211035228039447
1455000,5,112952,400000,0.14003044179104485,97557.10530936718,0.002119394386097318
1460000,5,117952,400000,0.13707521791044774,102038.08012008667,0.002113485847117882
1465000,5,122952,400000,0.13411999402985075,106355.5117944479,0.0021122234908698767
1470000,5,127952,400000,0.13116477014925376,110791.76477205753,0.0021136643464690764
1475000,5,132952,400000,0.12820954626865677,115030.88320076466,0.0021126129417902823
1480000,5,137952,400000,0.12525432238805967,119574.0696837902,0.0021210661353561664
1485000,5,142952,400000,0.12229909850746268,125084.39535570145,0.002132201725929996
1490000,5,147952,400000,0.11934387462686569,130483.01517736912,0.0021450803032340526
1495000,5,152952,400000,0.1163886507462687,134159.01960146427,0.0021585361233712927
1500000,5,157952,400000,0.1134334268656716,138097.08766222,0.0021711608007194444
1505000,5,162952,400000,0.1104782029850746,142727.65276944637,0.0021820391483877506
1510000,5,167952,400000,0.10752297910447761,146240.02267932892,0.0021991006820691107
1515000,5,172952,400000,0.10456775522388062,149895.56534469128,0.0022090336220397435
1520000,5,177952,400000,0.10161253134328352,153986.69701898098,0.002218164407188867
1525000,5,182952,400000,0.09865730746268664,158153.42786109447,0.0022280431448645226
1530000,5,187952,400000,0.09570208358208954,162131.3476307392,0.0022411448183437504
1535000,5,192952,400000,0.09274685970149255,166216.2359315157,0.002246287825906997
1540000,5,197952,400000,0.08979163582089544,170595.5406602621,0.0022534553104753487
1545000,5,202952,400000,0.08683641194029856,175054.38479971886,0.0022633149619720344
1550000,5,207952,400000,0.08388118805970146,179122.4710123539,0.0022673421506677898
1555000,5,212952,400000,0.08092596417910447,183123.93704497814,0.0022688518132264455
1560000,5,217952,400000,0.07797074029850748,187351.0132777691,0.002266101088124689
1565000,5,222952,400000,0.07501551641791049,191751.3463038206,0.0022638254476747776
1570000,5,227952,400000,0.07206029253731339,196246.01042115688,0.0022610305679074956
1575000,5,232952,400000,0.0691050686567164,200683.3864723444,0.002259222058094916
1580000,5,237952,400000,0.0661498447761194,204687.069755435,0.002262665760082357
1585000,5,242952,400000,0.06319462089552241,208999.41503489017,0.002257239002737449
1590000,5,247952,400000,0.06023939701492531,213564.96270430088,0.002250725954143934
1595000,5,252952,400000,0.05728417313432832,217619.60053789616,0.0022489382909118417
1600000,5,257952,400000,0.05432894925373133,221608.14492833614,0.0022472749466849024
1605000,5,262952,400000,0.05137372537313434,226097.93468248844,0.0022456216521324728
1610000,5,267952,400000,0.048418501492537236,230740.22578430176,0.0022414032360724427
1615000,5,272952,400000,0.045463277611940356,235169.75569164753,0.0022337323969987568
1620000,5,277952,400000,0.042508053731343365,239669.43460917473,0.0022292346712866804
1625000,5,282952,400000,0.03955282985074626,244087.83932197094,0.0022242172998293707
1630000,5,287952,400000,0.03659760597014927,247864.08911168575,0.0022234781595126996
1635000,5,292952,400000,0.03364238208955228,252229.69518315792,0.002222230275683801
1640000,5,297952,400000,0.03068715820895529,256623.17090415955,0.0022197429910843277
1645000,5,302952,400000,0.027731934328358188,261268.16867399216,0.002218530862604073
1650000,5,307952,400000,0.024776710447761308,265220.4111973047,0.0022188700513033266
1655000,5,312952,400000,0.021821486567164206,269515.5545517206,0.0022162302270461263
1660000,5,317952,400000,0.018866262686567215,274253.9502863884,0.0022148289693736966
1665000,5,322952,400000,0.015911038805970112,278505.5117969513,0.0022146026020847484
1670000,5,327952,400000,0.012955814925373232,282810.47867417336,0.0022156400430106533
1675000,5,332952,400000,0.01000059104477613,287366.1271663904,0.0022185260100868165
1680000,6,2440,400000,0.010000000000000009,2336.554987549782,0.00241701348057803
1685000,6,7440,400000,0.010000000000000009,7422.42686021328,0.0024842281061239033
1690000,6,12440,400000,0.010000000000000009,12342.853770136833,0.0024366365603794168
1695000,6,17440,400000,0.010000000000000009,17467.935412168503,0.0024504429257689512
1700000,6,22440,400000,0.010000000000000009,22546.896345496178,0.0024733934550465802
1705000,6,27440,400000,0.010000000000000009,26862.51681315899,0.0024903006174287834
1710000,6,32440,400000,0.010000000000000009,31046.07819724083,0.002488121234481114
1715000,6,37440,400000,0.010000000000000009,35049.65518569946,0.0024942293682752048
1720000,6,42440,400000,0.010000000000000009,39298.929851055145,0.0024988996353827488
1725000,6,47440,400000,0.010000000000000009,43330.86848974228,0.002504667194817982
1730000,6,52440,400000,0.010000000000000009,47425.5703574419,0.0025102368079002097
1735000,6,57440,400000,0.010000000000000009,51887.23517179489,0.00250811059477986
1740000,6,62440,400000,0.010000000000000009,56003.36331117153,0.002548525899802557
1745000,6,67440,400000,0.010000000000000009,60058.29310131073,0.0025509817304418957
1750000,6,72440,400000,0.010000000000000009,64105.57304894924,0.002558764735826908
1755000,6,77440,400000,0.010000000000000009,68579.35806310177,0.0025497703344401147
1760000,6,82440,400000,0.010000000000000009,72837.33186626434,0.002560049686274607
1765000,6,87440,400000,0.010000000000000009,77088.51524889469,0.0025598146798003034
1770000,6,92440,400000,0.010000000000000009,81466.33864939213,0.002551622250342057
1775000,6,97440,400000,0.010000000000000009,86755.64579057693,0.002542529711185833
1780000,6,102440,400000,0.010000000000000009,92505.2163490057,0.002541647295664657
1785000,6,107440,400000,0.010000000000000009,96944.5073401928,0.002539722098206351
1790000,6,112440,400000,0.010000000000000009,101433.54667770863,0.0025409718066600456
1795000,6,117440,400000,0.010000000000000009,105793.17031288147,0.0025344589328666458
1800000,6,122440,400000,0.010000000000000009,110264.3149240017,0.0025299635312864307
1805000,6,127440,400000,0.010000000000000009,114895.94340240955,0.0025170476526529383
1810000,6,132440,400000,0.010000000000000009,119652.493750453,0.002511215934461725
1815000,6,137440,400000,0.010000000000000009,124505.66316127777,0.0024982067588588505
1820000,6,142440,400000,0.010000000000000009,130429.4556453228,0.0024970074831380277
1825000,6,147440,400000,0.010000000000000009,136303.01333987713,0.002501989667290453
1830000,6,152440,400000,0.010000000000000009,140322.61646580696,0.002508657094357793
1835000,6,157440,400000,0.010000000000000009,144317.52262473106,0.0025242423530101856
1840000,6,162440,400000,0.010000000000000009,148987.13347232342,0.002536135460131256
1845000,6,167440,400000,0.010000000000000009,152765.50704991817,0.0025374748293329648
1850000,6,172440,400000,0.010000000000000009,156304.94771134853,0.0025390123171127395
1855000,6,177440,400000,0.010000000000000009,160548.30248177052,0.0025425241504432195
1860000,6,182440,400000,0.010000000000000009,164937.82178664207,0.0025418541788833782
1865000,6,187440,400000,0.010000000000000009,168998.45881652832,0.0025435987825854632
1870000,6,192440,400000,0.010000000000000009,173081.78483486176,0.0025443580117693386
1875000,6,197440,400000,0.010000000000000009,177301.87497103214,0.0025479211752293795
1880000,6,202440,400000,0.010000000000000009,181888.13667285442,0.0025495596297504825
1885000,6,207440,400000,0.010000000000000009,185978.30210328102,0.0025503293478203073
1890000,6,212440,400000,0.010000000000000009,190289.27658224106,0.0025419217365176363
1895000,6,217440,400000,0.010000000000000009,194784.38004982471,0.002536195494331189
1900000,6,222440,400000,0.010000000000000009,199144.1548138857,0.0025344494355131774
1905000,6,227440,400000,0.010000000000000009,203750.23145139217,0.0025277071921724955
1910000,6,232440,400000,0.010000000000000009,208313.2372994423,0.002521864610374745
1915000,6,237440,400000,0.010000000000000009,212497.93881750107,0.002513407775836579
1920000,6,242440,400000,0.010000000000000009,216846.63743507862,0.002508067228144873
1925000,6,247440,400000,0.010000000000000009,221215.05685520172,0.0025001004588220545
1930000,6,252440,400000,0.010000000000000009,225556.28990519047,0.0024929604062537644
1935000,6,257440,400000,0.010000000000000009,229401.07099473476,0.0024890673497772135
1940000,6,262440,400000,0.010000000000000009,233794.81037545204,0.0024804656292885265
1945000,6,267440,400000,0.010000000000000009,238370.25269508362,0.0024726156695299133
1950000,6,272440,400000,0.010000000000000009,242295.469465971,0.0024706300832341693
1955000,6,277440,400000,0.010000000000000009,246634.41049861908,0.00246907473948847
1960000,6,282440,400000,0.010000000000000009,250707.37000501156,0.0024669707529640355
1965000,6,287440,400000,0.010000000000000009,254623.19173502922,0.002464338817850918
1970000,6,292440,400000,0.010000000000000009,259272.2031494379,0.0024610355529264306
1975000,6,297440,400000,0.010000000000000009,263398.69633603096,0.0024641996360944447
1980000,6,302440,400000,0.010000000000000009,267662.6474866867,0.0024635633730628872
1985000,6,307440,400000,0.010000000000000009,271894.351652503,0.0024623105364683967
1990000,6,312440,400000,0.010000000000000009,276325.73784422874,0.002464671782252199
1995000,6,317440,400000,0.010000000000000009,281048.5128722191,0.0024637809056406285
2000000,6,322440,400000,0.010000000000000009,285452.9353621006,0.0024648859876585747
2005000,6,327440,400000,0.010000000000000009,289850.6479754448,0.002467545708661462
2010000,6,332440,400000,0.010000000000000009,294488.5879226923,0.0024662718352728885
2013072,6,335512,400000,0.010000000000000009,297201.36726236343,0.0024654181723821876
